numerai_ticker,ticker_cleaned,name,market_country,trends_us
SVW.AX,SVW,seven group holdings,au,
GEM.AX,GEM,g8 education,au,
VOC.AX,VOC,vocus group,au,
AZJ.AX,AZJ,aurizon holdings,au,
NXT.AX,NXT,nextdc,au,
TWE.AX,TWE,treasury wine estates,au,
SGR.AX,SGR,star entertainment group,au,
CKF.AX,CKF,collins foods,au,
BGA.AX,BGA,bega cheese,au,
QUB.AX,QUB,qube holdings,au,
MMS.AX,MMS,mcmillan shakespeare,au,
AX1.AX,AX1,accent group,au,
SUL.AX,SUL,super retail group,au,
NCM.AX,NCM,newcrest mining,au,
KAR.AX,KAR,karoon energy,au,
NCK.AX,NCK,nick scali,au,
PRU.AX,PRU,perseus mining,au,
REA.AX,REA,rea group,au,
CIM.AX,CIM,cimic group,au,
LLC.AX,LLC,lendlease group,au,
JIN.AX,JIN,jumbo interactive,au,
JBH.AX,JBH,jb hifi,au,
AMP.AX,AMP,amp,au,
QAN.AX,QAN,qantas airways,au,
ILU.AX,ILU,iluka resources,au,
MGX.AX,MGX,mount gibson iron,au,
WOW.AX,WOW,woolworths group,au,
SSM.AX,SSM,service stream,au,
LYC.AX,LYC,lynas rare earths,au,
ASX.AX,ASX,asx,au,
PNV.AX,PNV,polynovo,au,
ORG.AX,ORG,origin energy,au,
CBA.AX,CBA,commonwealth bank australia,au,
BLD.AX,BLD,boral,au,
ORI.AX,ORI,orica,au,
IMD.AX,IMD,imdex,au,
DOW.AX,DOW,downer edi,au,
ARB.AX,ARB,arb,au,
NUF.AX,NUF,nufarm,au,
HLS.AX,HLS,healius,au,
CPU.AX,CPU,computershare,au,
CSL.AX,CSL,csl,au,
SUN.AX,SUN,suncorp group,au,
RMS.AX,RMS,ramelius resources,au,
MND.AX,MND,monadelphous group,au,
SFR.AX,SFR,sandfire resources,au,
WES.AX,WES,wesfarmers,au,
AWC.AX,AWC,alumina,au,
FMG.AX,FMG,fortescue metals group,au,
TLS.AX,TLS,telstra,au,
BPT.AX,BPT,beach energy,au,
RHC.AX,RHC,ramsay health care,au,
IAG.AX,IAG,insurance australia group,au,
SBM.AX,SBM,st barbara,au,
CUV.AX,CUV,clinuvel pharmaceuticals,au,
PME.AX,PME,pro medicus,au,
EOS.AX,EOS,electro optic systems holdings,au,
APE.AX,APE,eagers automotive,au,
IRE.AX,IRE,iress,au,
TNE.AX,TNE,technology one,au,
WOR.AX,WOR,worley,au,
IPL.AX,IPL,incitec pivot,au,
PPT.AX,PPT,perpetual,au,
CTD.AX,CTD,corporate travel management,au,
SHL.AX,SHL,sonic healthcare,au,
WEB.AX,WEB,webjet,au,
BOQ.AX,BOQ,bank queensland,au,
HSN.AX,HSN,hansen technologies,au,
APA.AX,APA,apa group,au,
CCP.AX,CCP,credit group,au,
BKW.AX,BKW,brickworks,au,
FLT.AX,FLT,flight centre travel group,au,
ELD.AX,ELD,elders,au,
GUD.AX,GUD,gud holdings,au,
BEN.AX,BEN,bendigo adelaide bank,au,
BKL.AX,BKL,blackmores,au,
GNC.AX,GNC,graincorp,au,
GWA.AX,GWA,gwa group,au,
OZL.AX,OZL,oz minerals,au,
BRG.AX,BRG,breville group,au,
ALD.AX,ALD,ampol,au,
ALQ.AX,ALQ,als,au,
ALU.AX,ALU,altium,au,
HVN.AX,HVN,harvey norman holdings,au,
TCL.AX,TCL,transurban group,au,
OBL.AX,OBL,omni bridgeway,au,
COH.AX,COH,cochlear,au,
ALL.AX,ALL,aristocrat leisure,au,
WSA.AX,WSA,western areas,au,
OSH.AX,OSH,oil search,au,
PMV.AX,PMV,premier investments,au,
RSG.AX,RSG,resolute mining,au,
JHX.AX,JHX,james hardie industries,au,
IGO.AX,IGO,igo,au,
RRL.AX,RRL,regis resources,au,
BSL.AX,BSL,bluescope steel,au,
DEG.AX,DEG,de grey mining,au,
EVN.AX,EVN,evolution mining,au,
IFL.AX,IFL,ioof holdings,au,
IVC.AX,IVC,invocare,au,
QBE.AX,QBE,qbe insurance group,au,
NST.AX,NST,northern star resources,au,
CGF.AX,CGF,challenger,au,
TAH.AX,TAH,tabcorp holdings,au,
ABC.AX,ABC,adbri,au,
PRN.AX,PRN,perenti global,au,
ANZ.AX,ANZ,australia new zealand banking group,au,
WBC.AX,WBC,westpac banking,au,
BHP.AX,BHP,bhp group,au,
RIO.AX,RIO,rio tinto group,au,
CSR.AX,CSR,csr,au,
ANN.AX,ANN,ansell,au,
NAB.AX,NAB,national australia bank,au,
STO.AX,STO,santos,au,
WPL.AX,WPL,woodside petroleum,au,
CWY.AX,CWY,cleanaway waste management,au,
MTS.AX,MTS,metcash,au,
SEK.AX,SEK,seek,au,
SYD.AX,SYD,sydney airport,au,
MFG.AX,MFG,magellan financial group,au,
DMP.AX,DMP,domino's pizza enterprises,au,
NEA.AX,NEA,nearmap,au,
SGM.AX,SGM,sims,au,
VRT.AX,VRT,virtus health,au,
PLS.AX,PLS,pilbara minerals,au,
SDF.AX,SDF,steadfast group,au,
BGL.AX,BGL,bellevue gold,au,
EML.AX,EML,eml payments,au,
NEC.AX,NEC,nine entertainment holdings,au,
ORA.AX,ORA,orora,au,
PGH.AX,PGH,pact group holdings,au,
CHN.AX,CHN,chalice mining,au,
BAP.AX,BAP,bapcor,au,
AGL.AX,AGL,agl energy,au,
CIA.AX,CIA,champion iron,au,
GMA.AX,GMA,genworth mortgage insurance australia,au,
SIQ.AX,SIQ,smartgroup,au,
GOR.AX,GOR,gold road resources,au,
IPH.AX,IPH,iph,au,
EHE.AX,EHE,estia health,au,
OML.AX,OML,ooh!media,au,
LOV.AX,LOV,lovisa holdings,au,
APX.AX,APX,appen,au,
MIN.AX,MIN,mineral resources,au,
AMA.AX,AMA,ama group,au,
S32.AX,S32,south32,au,
BXB.AX,BXB,brambles,au,
AFG.AX,AFG,australian finance group,au,
ADH.AX,ADH,adairs,au,
HUM.AX,HUM,humm group,au,
CGC.AX,CGC,costa group holdings,au,
GXY.AX,GXY,galaxy resources,au,
RBL.AX,RBL,redbubble,au,
LNK.AX,LNK,link administration holdings,au,
BWX.AX,BWX,bwx,au,
IEL.AX,IEL,idp education,au,
TPW.AX,TPW,temple webster group,au,
MP1.AX,MP1,megaport,au,
AST.AX,AST,ausnet services,au,
WTC.AX,WTC,wisetech global,au,
SKI.AX,SKI,spark infrastructure group,au,
RWC.AX,RWC,reliance worldwide,au,
AMI.AX,AMI,aurelia metals,au,
NAN.AX,NAN,nanosonics,au,
PTM.AX,PTM,platinum investment management,au,
WHC.AX,WHC,whitehaven coal,au,
PNI.AX,PNI,pinnacle investment management group,au,
HUB.AX,HUB,hub24,au,
SYR.AX,SYR,syrah resources,au,
NWH.AX,NWH,nrw holdings,au,
KGN.AX,KGN,kogancom,au,
SLR.AX,SLR,silver lake resources,au,
MQG.AX,MQG,macquarie group,au,
NHF.AX,NHF,nib holdings,au,
PDL.AX,PDL,pendal group,au,
ORE.AX,ORE,orocobre,au,
CWN.AX,CWN,crown resorts,au,
ING.AX,ING,inghams group,au,
BVS.AX,BVS,bravura solutions,au,
WGX.AX,WGX,westgold resources,au,
BIN.AX,BIN,bingo industries,au,
APT.AX,APT,afterpay,au,
DHG.AX,DHG,domain holdings australia,au,
TLX.AX,TLX,telix pharmaceuticals,au,
NWL.AX,NWL,netwealth group,au,
VEA.AX,VEA,viva energy group,au,
NIC.AX,NIC,nickel mines,au,
ALG.AX,ALG,ardent leisure group,au,
COL.AX,COL,coles group,au,
UWL.AX,UWL,uniti group,au,
PBH.AX,PBH,pointsbet holdings,au,
MPL.AX,MPL,medibank private,au,
CAR.AX,CAR,carsalescom,au,
TYR.AX,TYR,tyro payments,au,
NTO.AX,NTO,nitro software,au,
UMG.AX,UMG,united malt group,au,
TPG.AX,TPG,tpg telecom,au,
Z1P.AX,Z1P,zip,au,
SXL.AX,SXL,southern cross media group,au,
ALX.AX,ALX,atlas arteria,au,
SUM.NZ,SUM,summerset group holdings,nz,
CNU.NZ,CNU,chorus,nz,
AIA.NZ,AIA,auckland international airport,nz,
IFT.NZ,IFT,infratil,nz,
FPH.NZ,FPH,fisher paykel healthcare,nz,
FBU.NZ,FBU,fletcher building,nz,
CEN.NZ,CEN,contact energy,nz,
ATM.NZ,ATM,a2 milk,nz,
RYM.NZ,RYM,ryman healthcare,nz,
SKC.NZ,SKC,skycity entertainment group,nz,
AIR.NZ,AIR,air new zealand,nz,
SPK.NZ,SPK,spark new zealand,nz,
MCY.NZ,MCY,mercury nz,nz,
ZEL.NZ,ZEL,z energy,nz,
MEL.NZ,MEL,meridian energy,nz,
MLCO,MLCO,melco resorts entertainment,us,False
HCM,HCM,hutchmed (china),us,True
FUTU,FUTU,futu holdings,us,True
NS8U.SI,NS8U,hutchison port holdings trust,sg,
OV8.SI,OV8,sheng siong group,sg,
T39.SI,T39,singapore press holdings,sg,
C09.SI,C09,city developments,sg,
U96.SI,U96,sembcorp industries,sg,
BSL.SI,BSL,raffles medical group,sg,
U11.SI,U11,united overseas bank,sg,
U14.SI,U14,uol group,sg,
V03.SI,V03,venture,sg,
S63.SI,S63,singapore technologies engineering,sg,
S58.SI,S58,sats,sg,
S59.SI,S59,sia engineering,sg,
S68.SI,S68,singapore exchange,sg,
C31.SI,C31,capitaland,sg,
AWX.SI,AWX,aem holdings,sg,
558.SI,558,ums holdings,sg,
C52.SI,C52,comfortdelgro,sg,
S08.SI,S08,singapore post,sg,
E5H.SI,E5H,golden agriresources,sg,
D05.SI,D05,dbs group holdings,sg,
S51.SI,S51,sembcorp marine,sg,
C07.SI,C07,jardine cycle carriage,sg,
G13.SI,G13,genting singapore,sg,
C6L.SI,C6L,singapore airlines,sg,
Z74.SI,Z74,singapore telecommunications,sg,
E28.SI,E28,frencken group,sg,
O39.SI,O39,overseachinese banking,sg,
F34.SI,F34,wilmar international,sg,
8K7.SI,8K7,ug healthcare,sg,
CC3.SI,CC3,starhub,sg,
BN4.SI,BN4,keppel,sg,
EB5.SI,EB5,first resources,sg,
CJLU.SI,CJLU,netlink nbn trust,sg,
SE,SE,sea,us,True
SIMO,SIMO,silicon motion technology,us,True
HIMX,HIMX,himax technologies,us,True
BPY-UN.TO,BPY,brookfield property partners lp,ca,
PRMW.TO,PRMW,primo water,ca,
ECN.TO,ECN,ecn capital,ca,
EDV.TO,EDV,endeavour mining,ca,
BEP-UN.TO,BEP,brookfield renewable partners lp,ca,
BIP-UN.TO,BIP,brookfield infrastructure partners lp,ca,
OGC.TO,OGC,oceanagold,ca,
AEM.TO,AEM,agnico eagle mines,ca,
ACO-X.TO,ACO,atco,ca,
ABX.TO,ABX,barrick gold,ca,
BCE.TO,BCE,bce,ca,
BAM-A.TO,BAM,brookfield asset management,ca,
T.TO,T,telus,ca,
CAE.TO,CAE,cae,ca,
MFI.TO,MFI,maple leaf foods,ca,
CNR.TO,CNR,canadian national railway,ca,
CP.TO,CP,canadian pacific railway,ca,
CTC-A.TO,CTC,canadian tire,ca,
RUS.TO,RUS,russel metals,ca,
FTT.TO,FTT,finning international,ca,
IMO.TO,IMO,imperial oil,ca,
ENB.TO,ENB,enbridge,ca,
L.TO,L,loblaw companies,ca,
MG.TO,MG,magna international,ca,
K.TO,K,kinross gold,ca,
POW.TO,POW,power canada,ca,
QBR-B.TO,QBR,quebecor,ca,
RCI-B.TO,RCI,rogers communications,ca,
TECK-B.TO,TECK,teck resources,ca,
TRP.TO,TRP,tc energy,ca,
WN.TO,WN,george weston,ca,
SOY.TO,SOY,sunopta,ca,
MX.TO,MX,methanex,ca,
CFP.TO,CFP,canfor,ca,
CCL-B.TO,CCL,ccl industries,ca,
CAS.TO,CAS,cascades,ca,
EMP-A.TO,EMP,empire,ca,
ONEX.TO,ONEX,onex,ca,
WFG.TO,WFG,west fraser timber,ca,
IGM.TO,IGM,igm financial,ca,
SNC.TO,SNC,snclavalin group,ca,
SJR-B.TO,SJR,shaw communications,ca,
FTS.TO,FTS,fortis,ca,
TA.TO,TA,transalta,ca,
CU.TO,CU,canadian utilities,ca,
X.TO,X,tmx group,ca,
TIH.TO,TIH,toromont industries,ca,
IFP.TO,IFP,interfor,ca,
PKI.TO,PKI,parkland,ca,
CNQ.TO,CNQ,canadian natural resources,ca,
SU.TO,SU,suncor energy,ca,
TCL-A.TO,TCL,transcontinental,ca,
BMO.TO,BMO,bank montreal,ca,
CM.TO,CM,canadian imperial bank commerce,ca,
BNS.TO,BNS,bank nova scotia,ca,
NA.TO,,national bank canada,ca,
RY.TO,RY,royal bank canada,ca,
TRI.TO,TRI,thomson reuters,ca,
TD.TO,TD,torontodominion bank,ca,
IVN.TO,IVN,ivanhoe mines,ca,
FFH.TO,FFH,fairfax financial holdings,ca,
GWO.TO,GWO,greatwest lifeco,ca,
LB.TO,LB,laurentian bank canada,ca,
NTR.TO,NTR,nutrien,ca,
NXE.TO,NXE,nexgen energy,ca,
EQX.TO,EQX,equinox gold,ca,
RNW.TO,RNW,transalta renewables,ca,
ARE.TO,ARE,aecon group,ca,
DPM.TO,DPM,dundee precious metals,ca,
WEED.TO,WEED,canopy growth,ca,
ERF.TO,ERF,enerplus,ca,
OSK.TO,OSK,osisko mining,ca,
CWB.TO,CWB,canadian western bank,ca,
HCG.TO,HCG,home capital group,ca,
LNR.TO,LNR,linamar,ca,
PAAS.TO,PAAS,pan american silver,ca,
PSK.TO,PSK,prairiesky royalty,ca,
KXS.TO,KXS,kinaxis,ca,
WPK.TO,WPK,winpak,ca,
AT.TO,AT,acuityads holdings,ca,
OGI.TO,OGI,organigram holdings,ca,
GIB-A.TO,GIB,cgi,ca,
MRU.TO,MRU,metro,ca,
CRON.TO,CRON,cronos group,ca,
SHOP.TO,SHOP,shopify,ca,
NWC.TO,NWC,north west,ca,
FSV.TO,FSV,firstservice,ca,
CCO.TO,CCO,cameco,ca,
ITP.TO,ITP,intertape polymer group,ca,
H.TO,H,hydro one,ca,
ZZZ.TO,ZZZ,sleep country canada holdings,ca,
TOY.TO,TOY,spin master,ca,
EMA.TO,EMA,emera,ca,
SIL.TO,SIL,silvercrest metals,ca,
ELD.TO,ELD,eldorado gold,ca,
SSRM.TO,SSRM,ssr mining,ca,
TXG.TO,TXG,torex gold resources,ca,
CIGI.TO,CIGI,colliers international group,ca,
CCA.TO,CCA,cogeco communications,ca,
RCH.TO,RCH,richelieu hardware,ca,
BLDP.TO,BLDP,ballard power systems,ca,
BHC.TO,BHC,bausch health companies,ca,
STN.TO,STN,stantec,ca,
VET.TO,VET,vermilion energy,ca,
CIX.TO,CIX,ci financial,ca,
SJ.TO,SJ,stellajones,ca,
GOOS.TO,GOOS,canada goose holdings,ca,
MTL.TO,MTL,mullen group,ca,
REAL.TO,REAL,real matters,ca,
YRI.TO,YRI,yamana gold,ca,
JWEL.TO,JWEL,jamieson wellness,ca,
ERO.TO,ERO,ero copper,ca,
LSPD.TO,LSPD,lightspeed pos,ca,
GFL.TO,GFL,gfl environmental,ca,
OTEX.TO,OTEX,open text,ca,
IMG.TO,IMG,iamgold,ca,
TRQ.TO,TRQ,turquoise hill resources,ca,
ENGH.TO,ENGH,enghouse systems,ca,
PBH.TO,PBH,premium brands holdings,ca,
LIF.TO,LIF,labrador iron ore royalty,ca,
NPI.TO,NPI,northland power,ca,
ATD-B.TO,ATD,alimentation couchetard,ca,
DML.TO,DML,denison mines,ca,
MRE.TO,MRE,martinrea international,ca,
RBA.TO,RBA,ritchie bros auctioneers,ca,
SAP.TO,SAP,saputo,ca,
SPB.TO,SPB,superior plus,ca,
BB.TO,BB,blackberry,ca,
IPL.TO,IPL,inter pipeline,ca,
DSG.TO,DSG,descartes systems group,ca,
WTE.TO,WTE,westshore terminals investment,ca,
ARX.TO,ARX,arc resources,ca,
BLX.TO,BLX,boralex,ca,
KL.TO,KL,kirkland lake gold,ca,
WPM.TO,WPM,wheaton precious metals,ca,
NGD.TO,NGD,new gold,ca,
SEA.TO,SEA,seabridge gold,ca,
FM.TO,FM,first quantum minerals,ca,
FVI.TO,FVI,fortuna silver mines,ca,
EDR.TO,EDR,endeavour silver,ca,
OR.TO,OR,osisko gold royalties,ca,
HBM.TO,HBM,hudbay minerals,ca,
LUN.TO,LUN,lundin mining,ca,
SVM.TO,SVM,silvercorp metals,ca,
FR.TO,FR,first majestic silver,ca,
WPRT.TO,WPRT,westport fuel systems,ca,
WCN.TO,WCN,waste connections,ca,
GIL.TO,GIL,gildan activewear,ca,
CLS.TO,CLS,celestica,ca,
AQN.TO,AQN,algonquin power utilities,ca,
AUP.TO,AUP,aurinia pharmaceuticals,ca,
ALA.TO,ALA,altagas,ca,
CJR-B.TO,CJR,corus entertainment,ca,
AGI.TO,AGI,alamos gold,ca,
MFC.TO,MFC,manulife financial,ca,
BYD.TO,BYD,boyd group services,ca,
WDO.TO,WDO,wesdome gold mines,ca,
IAG.TO,IAG,ia financial,ca,
PPL.TO,PPL,pembina pipeline,ca,
SLF.TO,SLF,sun life financial,ca,
MAG.TO,MAG,mag silver,ca,
CPG.TO,CPG,crescent point energy,ca,
TFII.TO,TFII,tfi international,ca,
EIF.TO,EIF,exchange income,ca,
KEY.TO,KEY,keyera,ca,
INE.TO,INE,innergex renewable energy,ca,
VFF.TO,VFF,village farms international,ca,
CG.TO,CG,centerra gold,ca,
IFC.TO,IFC,intact financial,ca,
TRIL.TO,TRIL,trillium therapeutics,ca,
DOO.TO,DOO,brp,ca,
AIF.TO,AIF,altus group,ca,
CJT.TO,CJT,cargojet,ca,
AC.TO,AC,air canada,ca,
QSR.TO,QSR,restaurant brands international,ca,
EFN.TO,EFN,element fleet management,ca,
NFI.TO,NFI,nfi group,ca,
CSU.TO,CSU,constellation software,ca,
SSL.TO,SSL,sandstorm gold,ca,
FNV.TO,FNV,franconevada,ca,
BTO.TO,BTO,b2gold,ca,
SII.TO,SII,sprott,ca,
LAC.TO,LAC,lithium americas,ca,
CPX.TO,CPX,capital power,ca,
DOL.TO,DOL,dollarama,ca,
CVE.TO,CVE,cenovus energy,ca,
PXT.TO,PXT,parex resources,ca,
SIA.TO,SIA,sienna senior living,ca,
TCN.TO,TCN,tricon residential,ca,
WCP.TO,WCP,whitecap resources,ca,
MEG.TO,MEG,meg energy,ca,
TOU.TO,TOU,tourmaline oil,ca,
PVG.TO,PVG,pretium resources,ca,
ATZ.TO,ATZ,aritzia,ca,
GEI.TO,GEI,gibson energy,ca,
WSP.TO,WSP,wsp global,ca,
LHC.JO,LHC,life healthcare group holdings,za,
RBP.JO,RBP,royal bafokeng platinum,za,
NPN.JO,NPN,naspers,za,
NED.JO,NED,nedbank group,za,
NTC.JO,NTC,netcare,za,
SBK.JO,SBK,standard bank group,za,
SPP.JO,SPP,spar group,za,
LBH.JO,LBH,liberty holdings,za,
ARL.JO,ARL,astral foods,za,
WHL.JO,WHL,woolworths holdings,za,
DSY.JO,DSY,discovery,za,
APN.JO,APN,aspen pharmacare holdings,za,
TKG.JO,TKG,telkom soc,za,
ABG.JO,ABG,absa group,za,
SPG.JO,SPG,super group,za,
AVI.JO,AVI,avi,za,
ARI.JO,ARI,african rainbow minerals,za,
MSM.JO,MSM,massmart holdings,za,
REM.JO,REM,remgro,za,
MTN.JO,MTN,mtn group,za,
ANG.JO,ANG,anglogold ashanti,za,
SAP.JO,SAP,sappi,za,
SOL.JO,SOL,sasol,za,
TBS.JO,TBS,tiger brands,za,
MRP.JO,MRP,mr price group,za,
TFG.JO,TFG,foschini group,za,
NHM.JO,NHM,northam platinum,za,
BVT.JO,BVT,bidvest group,za,
CLS.JO,CLS,clicks group,za,
EXX.JO,EXX,exxaro resources,za,
PIK.JO,PIK,pick n pay stores,za,
SHP.JO,SHP,shoprite holdings,za,
HAR.JO,HAR,harmony gold mining,za,
CPI.JO,CPI,capitec bank holdings,za,
AMS.JO,AMS,anglo american platinum,za,
BAW.JO,BAW,barloworld,za,
TRU.JO,TRU,truworths international,za,
GFI.JO,GFI,gold fields,za,
FSR.JO,FSR,firstrand,za,
TCP.JO,TCP,transaction capital,za,
IPL.JO,IPL,imperial logistics,za,
JSE.JO,JSE,jse,za,
IMP.JO,IMP,impala platinum holdings,za,
KIO.JO,KIO,kumba iron ore,za,
BID.JO,BID,bid,za,
DCP.JO,DCP,dischem pharmacies,za,
NRP.JO,NRP,nepi rockcastle,za,
PPH.JO,PPH,pepkor holdings,za,
VOD.JO,VOD,vodacom group,za,
DGH.JO,DGH,distell group holdings,za,
OMU.JO,OMU,old mutual,za,
MTH.JO,MTH,motus holdings,za,
MCG.JO,MCG,multichoice group,za,
MTLS,MTLS,materialise,us,True
ASND,ASND,ascendis pharma,us,True
SQNS,SQNS,sequans communications,us,True
CRTO,CRTO,criteo,us,True
TLND,TLND,talend,us,True
JMIA,JMIA,jumia technologies,us,True
BNTX,BNTX,biontech,us,True
KRZ.IR,KRZ,kerry group,ie,
FLTR.IR,FLTR,flutter entertainment,ie,
GL9.IR,GL9,glanbia,ie,
CRG.IR,CRG,crh,ie,
KRX.IR,KRX,kingspan group,ie,
IR5B.IR,IR5B,irish continental group,ie,
DHG.IR,DHG,dalata hotel group,ie,
T7O.IR,T7O,total produce,ie,
RY4C.IR,RY4C,ryanair holdings,ie,
SK3.IR,SK3,smurfit kappa group,ie,
FLY,FLY,fly leasing,us,True
BIRG.IR,BIRG,bank ireland group,ie,
GVR.IR,GVR,glenveagh properties,ie,
A5G.IR,A5G,aib group,ie,
UPR.IR,UPR,uniphar,ie,
RDHL,RDHL,redhill biopharma,us,True
TEVA,TEVA,teva pharmaceutical industries,us,True
GRFS,GRFS,grifols,us,True
SDRY.L,SDRY,superdry,gb,
ENT.L,ENT,entain,gb,
JUP.L,JUP,jupiter fund management,gb,
OCDO.L,OCDO,ocado group,gb,
IAG.L,IAG,international consolidated airlines group,gb,
GLEN.L,GLEN,glencore,gb,
GENL.L,GENL,genel energy,gb,
CEY.L,CEY,centamin,gb,
CNA.L,CNA,centrica,gb,
MSLH.L,MSLH,marshalls,gb,
HFD.L,HFD,halfords group,gb,
RDSB.L,RDSB,royal dutch shell,gb,
PFD.L,PFD,premier foods,gb,
SBRY.L,SBRY,j sainsbury,gb,
GKP.L,GKP,gulf keystone petroleum,gb,
ADM.L,ADM,admiral group,gb,
GRI.L,GRI,grainger,gb,
CHG.L,CHG,chemring group,gb,
CKN.L,CKN,clarkson,gb,
GNS.L,GNS,genus,gb,
RAT.L,RAT,rathbone brothers,gb,
AV.L,AV,aviva,gb,
CWK.L,CWK,cranswick,gb,
CRDA.L,CRDA,croda international,gb,
FUTR.L,FUTR,future,gb,
RDW.L,RDW,redrow,gb,
SMP.L,SMP,st modwen properties,gb,
RSW.L,RSW,renishaw,gb,
RTO.L,RTO,rentokil initial,gb,
ROR.L,ROR,rotork,gb,
NWG.L,NWG,natwest group,gb,
ANTO.L,ANTO,antofagasta,gb,
AHT.L,AHT,ashtead group,gb,
BHP.L,BHP,bhp group,gb,
AVON.L,AVON,avon rubber,gb,
BDEV.L,BDEV,barratt developments,gb,
BWY.L,BWY,bellway,gb,
GAW.L,GAW,games workshop group,gb,
GOG.L,GOG,goahead group,gb,
HLMA.L,HLMA,halma,gb,
HAS.L,HAS,hays,gb,
DMGT.L,DMGT,daily mail general trust,gb,
WEIR.L,WEIR,weir group,gb,
DPH.L,DPH,dechra pharmaceuticals,gb,
BAB.L,BAB,babcock international group,gb,
SYNT.L,SYNT,synthomer,gb,
AZN.L,AZN,astrazeneca,gb,
CBG.L,CBG,close brothers group,gb,
STJ.L,STJ,st james's place,gb,
TPK.L,TPK,travis perkins,gb,
SSE.L,SSE,sse,gb,
SNR.L,SNR,senior,gb,
SRP.L,SRP,serco group,gb,
BP.L,BP,bp,gb,
SGE.L,SGE,sage group,gb,
SHI.L,SHI,sig,gb,
MGNS.L,MGNS,morgan sindall group,gb,
SMDS.L,SMDS,ds smith,gb,
NXT.L,NXT,next,gb,
COA.L,COA,coats group,gb,
RR.L,RR,rollsroyce holdings,gb,
BNZL.L,BNZL,bunzl,gb,
JDW.L,JDW,j d wetherspoon,gb,
EZJ.L,EZJ,easyjet,gb,
BRW.L,BRW,brewin dolphin holdings,gb,
DPLM.L,DPLM,diploma,gb,
VTY.L,VTY,vistry group,gb,
PRU.L,PRU,prudential,gb,
BATS.L,BATS,british american tobacco,gb,
ECM.L,ECM,electrocomponents,gb,
SPX.L,SPX,spiraxsarco engineering,gb,
LLOY.L,LLOY,lloyds banking group,gb,
TATE.L,TATE,tate lyle,gb,
TW.L,TW,taylor wimpey,gb,
TEP.L,TEP,telecom plus,gb,
TSCO.L,TSCO,tesco,gb,
WG.L,WG,john wood group,gb,
ITRK.L,ITRK,intertek group,gb,
BRBY.L,BRBY,burberry group,gb,
BBY.L,BBY,balfour beatty,gb,
AGK.L,AGK,aggreko,gb,
TLW.L,TLW,tullow oil,gb,
HILS.L,HILS,hill smith holdings,gb,
IMB.L,IMB,imperial brands,gb,
ICP.L,ICP,intermediate capital group,gb,
IMI.L,IMI,imi,gb,
PAGE.L,PAGE,pagegroup,gb,
ITV.L,ITV,itv,gb,
HSV.L,HSV,homeserve,gb,
DGE.L,DGE,diageo,gb,
SDR.L,SDR,schroders,gb,
ELM.L,ELM,elementis,gb,
HYVE.L,HYVE,hyve group,gb,
BA.L,BA,bae systems,gb,
DVO.L,DVO,devro,gb,
SXS.L,SXS,spectris,gb,
FGP.L,FGP,firstgroup,gb,
MTO.L,MTO,mitie group,gb,
JMAT.L,JMAT,johnson matthey,gb,
JD.L,JD,jd sports fashion,gb,
CPG.L,CPG,compass group,gb,
HWDN.L,HWDN,howden joinery group,gb,
LGEN.L,LGEN,legal general group,gb,
APF.L,APF,anglo pacific group,gb,
RSA.L,RSA,rsa insurance group,gb,
OXB.L,OXB,oxford biomedica,gb,
OXIG.L,OXIG,oxford instruments,gb,
ABF.L,ABF,associated british foods,gb,
PSON.L,PSON,pearson,gb,
PSN.L,PSN,persimmon,gb,
RCH.L,RCH,reach,gb,
ULE.L,ULE,ultra electronics holdings,gb,
SN.L,SN,smith nephew,gb,
GSK.L,GSK,glaxosmithkline,gb,
VCT.L,VCT,victrex,gb,
MGGT.L,MGGT,meggitt,gb,
MNZS.L,MNZS,john menzies,gb,
MGAM.L,MGAM,morgan advanced materials,gb,
MRW.L,MRW,wm morrison supermarkets,gb,
NEX.L,NEX,national express group,gb,
BT-A.L,BT,bt group,gb,
CCL.L,CCL,carnival,gb,
MKS.L,MKS,marks spencer group,gb,
KGF.L,KGF,kingfisher,gb,
STAN.L,STAN,standard chartered,gb,
HSBA.L,HSBA,hsbc holdings,gb,
RIO.L,RIO,rio tinto group,gb,
BARC.L,BARC,barclays,gb,
DLG.L,DLG,direct line insurance group,gb,
EMG.L,EMG,man group,gb,
BKG.L,BKG,berkeley group holdings,gb,
IGG.L,IGG,ig group holdings,gb,
MCRO.L,MCRO,micro focus international,gb,
VSVS.L,VSVS,vesuvius,gb,
WPP.L,WPP,wpp,gb,
ESNT.L,ESNT,essentra,gb,
CRST.L,CRST,crest nicholson holdings,gb,
NG.L,NG,national grid,gb,
888.L,888,888 holdings,gb,
PFC.L,PFC,petrofac,gb,
HIK.L,HIK,hikma pharmaceuticals,gb,
RMG.L,RMG,royal mail,gb,
ARW.L,ARW,arrow global group,gb,
STCK.L,STCK,stock spirits group,gb,
JUST.L,JUST,just group,gb,
BVIC.L,BVIC,britvic,gb,
LRE.L,LRE,lancashire holdings,gb,
AO.L,AO,ao world,gb,
QQ.L,QQ,qinetiq group,gb,
RTN.L,RTN,restaurant group,gb,
SOLG.L,SOLG,solgold,gb,
PETS.L,PETS,pets at home group,gb,
CARD.L,CARD,card factory,gb,
LSEG.L,LSEG,london stock exchange group,gb,
ULVR.L,ULVR,unilever,gb,
PTEC.L,PTEC,playtech,gb,
BME.L,BME,bm european value retail,gb,
SSPG.L,SSPG,ssp group,gb,
SVS.L,SVS,savills,gb,
CMCX.L,CMCX,cmc markets,gb,
CINE.L,CINE,cineworld group,gb,
CCC.L,CCC,computacenter,gb,
INDV.L,INDV,indivior,gb,
VOD.L,VOD,vodafone group,gb,
INVP.L,INVP,investec group,gb,
SLA.L,SLA,standard life aberdeen,gb,
PNN.L,PNN,pennon group,gb,
JLG.L,JLG,john laing group,gb,
WIZZ.L,WIZZ,wizz air holdings,gb,
PZC.L,PZC,pz cussons,gb,
EXPN.L,EXPN,experian,gb,
AUTO.L,AUTO,auto trader group,gb,
SNN.L,SNN,sanne group,gb,
SVT.L,SVT,severn trent,gb,
ADAP,ADAP,adaptimmune therapeutics,us,True
MAB.L,MAB,mitchells butlers,gb,
ASHM.L,ASHM,ashmore group,gb,
DNLM.L,DNLM,dunelm group,gb,
HSX.L,HSX,hiscox,gb,
HOC.L,HOC,hochschild mining,gb,
SIG.L,SIG,signature aviation,gb,
MARS.L,MARS,marston's,gb,
WTB.L,WTB,whitbread,gb,
RNK.L,RNK,rank group,gb,
OTB.L,OTB,on beach group,gb,
MRO.L,MRO,melrose industries,gb,
EQN.L,EQN,equiniti group,gb,
IBST.L,IBST,ibstock,gb,
GYM.L,GYM,gym group,gb,
SCT.L,SCT,softcat,gb,
VEC.L,VEC,vectura group,gb,
NCC.L,NCC,ncc group,gb,
MNDI.L,MNDI,mondi,gb,
CSP.L,CSP,countryside properties,gb,
FRAS.L,FRAS,frasers group,gb,
ASCL.L,ASCL,ascential,gb,
BEZ.L,BEZ,beazley,gb,
DOM.L,DOM,domino's pizza group,gb,
FORT.L,FORT,forterra,gb,
DRX.L,DRX,drax group,gb,
SGC.L,SGC,stagecoach group,gb,
HL.L,HL,hargreaves lansdown,gb,
SRE.L,SRE,sirius real estate,gb,
IHG.L,IHG,intercontinental hotels group,gb,
SMIN.L,SMIN,smiths group,gb,
AAL.L,AAL,anglo american,gb,
III.L,III,3i group,gb,
PFG.L,PFG,provident financial,gb,
CPI.L,CPI,capita,gb,
MONY.L,MONY,moneysupermarketcom group,gb,
GYS.L,GYS,gamesys group,gb,
RB.L,RB,reckitt benckiser group,gb,
TYMN.L,TYMN,tyman,gb,
RMV.L,RMV,rightmove,gb,
REL.L,REL,relx,gb,
PAG.L,PAG,paragon banking group,gb,
CTEC.L,CTEC,convatec group,gb,
TIFS.L,TIFS,ti fluid systems,gb,
BIFF.L,BIFF,biffa,gb,
SMWH.L,SMWH,wh smith,gb,
IWG.L,IWG,iwg,gb,
FRES.L,FRES,fresnillo,gb,
UU.L,UU,united utilities group,gb,
DLAR.L,DLAR,de la rue,gb,
BOY.L,BOY,bodycote,gb,
GLO.L,GLO,contourglobal,gb,
SBRE.L,SBRE,sabre insurance group,gb,
GRG.L,GRG,greggs,gb,
IHP.L,IHP,integrafin holdings,gb,
AVV.L,AVV,aveva group,gb,
ENOG.L,ENOG,energean,gb,
VVO.L,VVO,vivo energy,gb,
QLT.L,QLT,quilter,gb,
AUTL,AUTL,autolus therapeutics,us,True
AVST.L,AVST,avast,gb,
DAVA,DAVA,endava,us,True
PHNX.L,PHNX,phoenix group holdings,gb,
SFOR.L,SFOR,s4 capital,gb,
ORTX,ORTX,orchard therapeutics,us,True
INF.L,INF,informa,gb,
FERG.L,FERG,ferguson,gb,
WOSG.L,WOSG,watches switzerland group,gb,
AJB.L,AJB,aj bell,gb,
AAF.L,AAF,airtel africa,gb,
TRN.L,TRN,trainline,gb,
REDD.L,REDD,redde northgate,gb,
MNG.L,MNG,mg,gb,
HTWS.L,HTWS,helios towers,gb,
N91.L,N91,ninety one group,gb,
SAGA.L,SAGA,saga,gb,
OSB.L,OSB,osb group,gb,
TCAP.L,TCAP,tp icap group,gb,
CNE.L,CNE,cairn energy,gb,
DC.L,DC,dixons carphone,gb,
ENQ.L,ENQ,enquest,gb,
INCH.L,INCH,inchcape,gb,
VIST,VIST,vista oil gas de,us,True
AIR,AIR,aar,us,True
AAL,AAL,american airlines group,us,True
PNW,PNW,pinnacle west capital,us,True
PRG,PRG,prog holdings,us,True
ABT,ABT,abbott laboratories,us,True
AMD,AMD,advanced micro devices,us,True
APD,APD,air products chemicals,us,True
ALK,ALK,alaska air group,us,True
MATX,MATX,matson,us,True
HON,HON,honeywell international,us,True
SWKS,SWKS,skyworks solutions,us,True
HES,HES,hess,us,True
ABM,ABM,abm industries,us,True
PRI,PRI,primerica,us,True
ECOL,ECOL,us ecology,us,True
AEP,AEP,american electric power,us,True
AXP,AXP,american express,us,True
AFL,AFL,aflac,us,True
AIG,AIG,american international group,us,True
AMSWA,AMSWA,american software,us,True
AME,AME,ametek,us,True
AMGN,AMGN,amgen,us,True
ADI,ADI,analog devices,us,True
ANDE,ANDE,andersons,us,True
NBR,NBR,nabors industries,us,True
APA,APA,apa,us,True
APOG,APOG,apogee enterprises,us,True
AAPL,AAPL,apple,us,True
AMAT,AMAT,applied materials,us,True
EPAC,EPAC,enerpac tool group,us,True
ADM,ADM,archerdanielsmidland,us,True
ARCB,ARCB,arcbest,us,True
ARW,ARW,arrow electronics,us,True
ASH,ASH,ashland global holdings,us,True
ATRO,ATRO,astronics,us,True
ADSK,ADSK,autodesk,us,True
ADP,ADP,automatic data processing,us,True
AVY,AVY,avery dennison,us,True
AVT,AVT,avnet,us,True
AZZ,AZZ,azz,us,True
BMI,BMI,badger meter,us,True
BCPC,BCPC,balchem,us,True
BLL,BLL,ball,us,True
BPOP,BPOP,popular,us,True
BOH,BOH,bank hawaii,us,True
BK,BK,bank new york mellon,us,True
B,B,barnes group,us,True
BAX,BAX,baxter international,us,True
AIT,AIT,applied industrial technologies,us,True
BDX,BDX,becton dickinson,us,True
VZ,VZ,verizon communications,us,True
BRK-B,BRK,berkshire hathaway,us,True
BBY,BBY,best buy,us,True
BIO,BIO,biorad laboratories,us,True
BKH,BKH,black hills,us,True
HRB,HRB,hr block,us,True
BA,BA,boeing,us,True
RHI,RHI,robert half international,us,True
BRC,BRC,brady,us,True
BMY,BMY,bristolmyers squibb,us,True
BF-B,BF,brownforman,us,True
BF-A,BF,brownforman,us,True
CAL,CAL,caleres,us,True
BC,BC,brunswick,us,True
MTZ,MTZ,mastec,us,True
UIS,UIS,unisys,us,True
RAMP,RAMP,liveramp holdings,us,True
CI,CI,cigna,us,True
CSX,CSX,csx,us,True
CTS,CTS,cts,us,True
CBT,CBT,cabot,us,True
CACI,CACI,caci international,us,True
CAMP,CAMP,calamp,us,True
CWT,CWT,california water service group,us,True
CPB,CPB,campbell soup,us,True
STZ,STZ,constellation brands,us,True
CAH,CAH,cardinal health,us,True
CSL,CSL,carlisle companies,us,True
CRS,CRS,carpenter technology,us,True
CASY,CASY,casey's general stores,us,True
CAT,CAT,caterpillar,us,True
CVCO,CVCO,cavco industries,us,False
LUMN,LUMN,lumen technologies,us,True
MGLN,MGLN,magellan health,us,True
CMD,CMD,cantel medical,us,True
CHE,CHE,chemed,us,True
JPM,JPM,jpmorgan chase,us,True
CPK,CPK,chesapeake utilities,us,True
CVX,CVX,chevron,us,True
EAT,EAT,brinker international,us,
CHD,CHD,church dwight,us,
CHDN,CHDN,churchill downs,us,
CTAS,CTAS,cintas,us,
IHRT,IHRT,iheartmedia,us,
CLF,CLF,clevelandcliffs,us,
CLX,CLX,clorox,us,
KO,KO,cocacola,us,True
CDE,CDE,coeur mining,us,
COHR,COHR,coherent,us,
COHU,COHU,cohu,us,
CL,CL,colgatepalmolive,us,
AON,AON,aon,us,
CMCSA,CMCSA,comcast,us,True
CMA,CMA,comerica,us,
CBSH,CBSH,commerce bancshares,us,
C,C,citigroup,us,True
CMC,CMC,commercial metals,us,
CAR,CAR,avis budget group,us,
DXC,DXC,dxc technology,us,
CMTL,CMTL,comtech telecommunications,us,
CAG,CAG,conagra brands,us,
SSTK,SSTK,shutterstock,us,
ED,ED,consolidated edison,us,
CMS,CMS,cms energy,us,
CLR,CLR,continental resources,us,
CTB,CTB,cooper tire rubber,us,
COO,COO,cooper companies,us,
TAP,TAP,molson coors beverage,us,
GLW,GLW,corning,us,
CBRL,CBRL,cracker barrel old country store,us,
CR,CR,crane,us,
OMF,OMF,onemain holdings,us,
CCK,CCK,crown holdings,us,
CUB,CUB,cubic,us,
CFR,CFR,cullenfrost bankers,us,
CMI,CMI,cummins,us,
CW,CW,curtisswright,us,
WEN,WEN,wendy's,us,
DAN,DAN,dana,us,
DHR,DHR,danaher,us,True
TGT,TGT,target,us,
DE,DE,deere,us,
DAL,DAL,delta air lines,us,
DLX,DLX,deluxe,us,
DTE,DTE,dte energy,us,
ATGE,ATGE,adtalem global education,us,
DBD,DBD,diebold nixdorf,us,
DDS,DDS,dillard's,us,
DIOD,DIOD,diodes,us,
DIS,DIS,walt disney,us,True
DG,DG,dollar general,us,
D,D,dominion energy,us,
DCI,DCI,donaldson,us,
DOV,DOV,dover,us,
DD,DD,dupont de nemours,us,
OMC,OMC,omnicom group,us,
DCO,DCO,ducommun,us,
DUK,DUK,duke energy,us,
DNB,DNB,dun bradstreet holdings,us,
FLS,FLS,flowserve,us,
DY,DY,dycom industries,us,
PKI,PKI,perkinelmer,us,
ETN,ETN,eaton,us,
ECL,ECL,ecolab,us,
EMR,EMR,emerson electric,us,
ATO,ATO,atmos energy,us,
EFX,EFX,equifax,us,
EQT,EQT,eqt,us,
EXPD,EXPD,expeditors international washington,us,
BOOM,BOOM,dmc global,us,
IIIN,IIIN,insteel industries,us,
XOM,XOM,exxon mobil,us,True
FMC,FMC,fmc,us,
NEE,NEE,nextera energy,us,True
FARM,FARM,farmer bros,us,
FDX,FDX,fedex,us,
FSS,FSS,federal signal,us,
M,M,macy's,us,
FOE,FOE,ferro,us,
FITB,FITB,fifth third bancorp,us,
RF,RF,regions financial,us,
TRMK,TRMK,trustmark,us,
MTB,MTB,mt bank,us,
USB,USB,us bancorp,us,
FHN,FHN,first horizon,us,
FLO,FLO,flowers foods,us,
FLR,FLR,fluor,us,
F,F,ford motor,us,
FELE,FELE,franklin electric,us,
BEN,BEN,franklin resources,us,
FUL,FUL,hb fuller,us,
GATX,GATX,gatx,us,
AJG,AJG,arthur j gallagher,us,
TGNA,TGNA,tegna,us,
GPS,GPS,gap,us,
AJRD,AJRD,aerojet rocketdyne holdings,us,
GD,GD,general dynamics,us,
GE,GE,general electric,us,
GIS,GIS,general mills,us,
ALLY,ALLY,ally financial,us,
GM,GM,general motors,us,
SPXC,SPXC,spx,us,
GCO,GCO,genesco,us,
GNTX,GNTX,gentex,us,
GPC,GPC,genuine parts,us,
GT,GT,goodyear tire rubber,us,
GRA,GRA,w r grace,us,
GGG,GGG,graco,us,
GWW,GWW,ww grainger,us,
GTN,GTN,gray television,us,
GEF,GEF,greif,us,
MGI,MGI,moneygram international,us,
HAL,HAL,halliburton,us,
LHX,LHX,l3harris technologies,us,
HSC,HSC,harsco,us,
HAS,HAS,hasbro,us,
HVT,HVT,haverty furniture companies,us,
HE,HE,hawaiian electric industries,us,
HCSG,HCSG,healthcare services group,us,
STRL,STRL,sterling construction,us,
HL,HL,hecla mining,us,
HEI,HEI,heico,us,
KHC,KHC,kraft heinz,us,
HELE,HELE,helen troy,us,
HP,HP,helmerich payne,us,
HSY,HSY,hershey,us,
HPQ,HPQ,hp,us,
HXL,HXL,hexcel,us,
HRC,HRC,hillrom holdings,us,
HLT,HLT,hilton worldwide holdings,us,
HFC,HFC,hollyfrontier,us,
HD,HD,home depot,us,True
HNI,HNI,hni,us,
HRL,HRL,hormel foods,us,
CNP,CNP,centerpoint energy,us,
HUBB,HUBB,hubbell,us,
JBHT,JBHT,jb hunt transport services,us,
HBAN,HBAN,huntington bancshares,us,
ITT,ITT,itt,us,
IDA,IDA,idacorp,us,
ITW,ITW,illinois tool works,us,
TT,TT,trane technologies,us,
RYI,RYI,ryerson holding,us,
GFF,GFF,griffon,us,
INTC,INTC,intel,us,True
INS,INS,intelligent systems,us,
TILE,TILE,interface,us,
IBM,IBM,international business machines,us,True
IFF,IFF,international flavors fragrances,us,
NAV,NAV,navistar international,us,
IDCC,IDCC,interdigital,us,
IP,IP,international paper,us,
IPG,IPG,interpublic group companies,us,
J,J,jacobs engineering group,us,
EME,EME,emcor group,us,
JNJ,JNJ,johnson johnson,us,True
JCI,JCI,johnson controls international,us,
KLAC,KLAC,kla,us,
KMI,KMI,kinder morgan,us,
KAMN,KAMN,kaman,us,
KSU,KSU,kansas city southern,us,
EVRG,EVRG,evergy,us,
K,K,kellogg,us,
KELYA,KELYA,kelly services,us,
KMT,KMT,kennametal,us,
KBAL,KBAL,kimball international,us,
KMB,KMB,kimberlyclark,us,
KEX,KEX,kirby,us,
KR,KR,kroger,us,
LZB,LZB,lazboy,us,
SR,SR,spire,us,
LRCX,LRCX,lam research,us,
LANC,LANC,lancaster colony,us,
LEG,LEG,leggett platt,us,
LEN,LEN,lennar,us,
LEN-B,LEN,lennar,us,
LLY,LLY,eli lilly,us,True
LB,LB,l brands,us,
LECO,LECO,lincoln electric holdings,us,
LNC,LNC,lincoln national,us,
LMT,LMT,lockheed martin,us,
RRC,RRC,range resources,us,
LPX,LPX,louisianapacific,us,
LOW,LOW,lowe's companies,us,True
LDL,LDL,lydall,us,
MDC,MDC,mdc holdings,us,
MDU,MDU,mdu resources group,us,
MTW,MTW,manitowoc,us,
MRO,MRO,marathon oil,us,
MCS,MCS,marcus,us,
MMC,MMC,marsh mclennan companies,us,
MAS,MAS,masco,us,
MAT,MAT,mattel,us,
MKC,MKC,mccormick,us,
MCD,MCD,mcdonald's,us,True
MGRC,MGRC,mcgrath rentcorp,us,
SPGI,SPGI,sp global,us,
MCK,MCK,mckesson,us,
MDT,MDT,medtronic,us,True
CVS,CVS,cvs health,us,
MRK,MRK,merck,us,True
MDP,MDP,meredith,us,
MLAB,MLAB,mesa laboratories,us,
MEI,MEI,methode electronics,us,
MU,MU,micron technology,us,
ETR,ETR,entergy,us,
MSEX,MSEX,middlesex water,us,
MLHR,MLHR,herman miller,us,
MSA,MSA,msa safety,us,
MMM,MMM,3m,us,
ALE,ALE,allete,us,
MOD,MOD,modine manufacturing,us,
QDEL,QDEL,quidel,us,
MOG-A,MOG,moog,us,
MSI,MSI,motorola solutions,us,
MUR,MUR,murphy oil,us,
MYE,MYE,myers industries,us,
VTRS,VTRS,viatris,us,
BAC,BAC,bank america,us,True
NCR,NCR,ncr,us,
NSSC,NSSC,napco security technologies,us,
NFG,NFG,national fuel gas,us,
THC,THC,tenet healthcare,us,
NJR,NJR,new jersey resources,us,
NYT,NYT,new york times,us,
NWL,NWL,newell brands,us,
NEM,NEM,newmont,us,
NR,NR,newpark resources,us,
NKE,NKE,nike,us,True
NDSN,NDSN,nordson,us,
JWN,JWN,nordstrom,us,
NSC,NSC,norfolk southern,us,
ES,ES,eversource energy,us,
NI,NI,nisource,us,
XEL,XEL,xcel energy,us,
NTRS,NTRS,northern trust,us,
NOC,NOC,northrop grumman,us,
TEX,TEX,terex,us,
NWN,NWN,northwest natural holding,us,
NWE,NWE,northwestern,us,
WFC,WFC,wells fargo,us,True
NUE,NUE,nucor,us,
OXY,OXY,occidental petroleum,us,
OII,OII,oceaneering international,us,
ITI,ITI,iteris,us,
FE,FE,firstenergy,us,
OGE,OGE,oge energy,us,
OLN,OLN,olin,us,
OKE,OKE,oneok,us,
OTTR,OTTR,otter tail,us,
OMI,OMI,owens minor,us,
OC,OC,owens corning,us,
OI,OI,oi glass,us,
OXM,OXM,oxford industries,us,
PNC,PNC,pnc financial services group,us,
PPG,PPG,ppg industries,us,
PCAR,PCAR,paccar,us,
PCG,PCG,pge,us,
SRE,SRE,sempra energy,us,
PAR,PAR,par technology,us,
PKOH,PKOH,parkohio holdings,us,
PH,PH,parkerhannifin,us,
PATK,PATK,patrick industries,us,
PAYX,PAYX,paychex,us,
PVAC,PVAC,penn virginia,us,
PPL,PPL,ppl,us,
PNR,PNR,pentair,us,
PEP,PEP,pepsico,us,True
TPC,TPC,tutor perini,us,
PDCE,PDCE,pdc energy,us,
PFE,PFE,pfizer,us,True
EXC,EXC,exelon,us,
WTRG,WTRG,essential utilities,us,
MO,MO,altria group,us,
COP,COP,conocophillips,us,
PVH,PVH,pvh,us,
AGYS,AGYS,agilysys,us,
PIPR,PIPR,piper sandler companies,us,
PBI,PBI,pitney bowes,us,
PLT,PLT,plantronics,us,
POWL,POWL,powell industries,us,
PG,PG,procter gamble,us,True
PNM,PNM,pnm resources,us,
PEG,PEG,public service enterprise group,us,
PHM,PHM,pultegroup,us,
AGX,AGX,argan,us,
KWR,KWR,quaker chemical,us,
NXGN,NXGN,nextgen healthcare,us,
QMCO,QMCO,quantum,us,
RJF,RJF,raymond james financial,us,
RES,RES,rpc,us,
RPM,RPM,rpm international,us,
RAVN,RAVN,raven industries,us,
RBC,RBC,regal beloit,us,
RGS,RGS,regis,us,
AN,AN,autonation,us,
RAD,RAD,rite aid,us,
ROK,ROK,rockwell automation,us,
ROG,ROG,rogers,us,
ROL,ROL,rollins,us,
ROST,ROST,ross stores,us,
RGLD,RGLD,royal gold,us,
R,R,ryder system,us,
SEIC,SEIC,sei investments,us,
SJW,SJW,sjw group,us,
SLB,SLB,schlumberger,us,
APPS,APPS,digital turbine,us,
SEE,SEE,sealed air,us,
IIN,IIN,intricon,us,
SMTC,SMTC,semtech,us,
SCI,SCI,service international,us,
SHEN,SHEN,shenandoah telecommunications,us,
SHW,SHW,sherwinwilliams,us,
AOS,AOS,a o smith,us,
SJM,SJM,j m smucker,us,
SNA,SNA,snapon,us,
KEY,KEY,keycorp,us,
SON,SON,sonoco products,us,
SJI,SJI,south jersey industries,us,
EIX,EIX,edison international,us,
AWR,AWR,american states water,us,
SO,SO,southern,us,
LUV,LUV,southwest airlines,us,
SWX,SWX,southwest gas holdings,us,
T,T,att,us,True
SWN,SWN,southwestern energy,us,
SHYF,SHYF,shyft group,us,
STAA,STAA,staar surgical,us,
SMP,SMP,standard motor products,us,
SXI,SXI,standex international,us,
SWK,SWK,stanley black decker,us,
STT,STT,state street,us,
SCL,SCL,stepan,us,
SYK,SYK,stryker,us,
NAVI,NAVI,navient,us,
RGR,RGR,sturm ruger,us,
SYY,SYY,sysco,us,
ATI,ATI,allegheny technologies,us,
TFX,TFX,teleflex,us,
TDS,TDS,telephone data systems,us,
TNC,TNC,tennant,us,
TEN,TEN,tenneco,us,
TER,TER,teradyne,us,
TXN,TXN,texas instruments,us,True
TXT,TXT,textron,us,
TMO,TMO,thermo fisher scientific,us,True
THO,THO,thor industries,us,
TDW,TDW,tidewater,us,
SIX,SIX,six flags entertainment,us,
TKR,TKR,timken,us,
GL,GL,globe life,us,
TTC,TTC,toro,us,
TRNS,TRNS,transcat,us,
TRN,TRN,trinity industries,us,
TYL,TYL,tyler technologies,us,
TSN,TSN,tyson foods,us,
UAL,UAL,united airlines holdings,us,
UGI,UGI,ugi,us,
UFI,UFI,unifi,us,
UNF,UNF,unifirst,us,
AEE,AEE,ameren,us,
UNP,UNP,union pacific,us,True
UNH,UNH,unitedhealth group,us,True
UMBF,UMBF,umb financial,us,
UPS,UPS,united parcel service,us,True
RTX,RTX,raytheon technologies,us,True
SGMS,SGMS,scientific games,us,
UTL,UTL,unitil,us,
SXT,SXT,sensient technologies,us,
UHS,UHS,universal health services,us,
VFC,VFC,vf,us,
VSEC,VSEC,vse,us,
VMI,VMI,valmont industries,us,
VECO,VECO,veeco instruments,us,
VSH,VSH,vishay intertechnology,us,
VMC,VMC,vulcan materials,us,
WDFC,WDFC,wd40,us,
WMT,WMT,walmart,us,True
WBA,WBA,walgreens boots alliance,us,
AVA,AVA,avista,us,
WSO,WSO,watsco,us,
WST,WST,west pharmaceutical services,us,
WDC,WDC,western digital,us,
WHR,WHR,whirlpool,us,
WMB,WMB,williams companies,us,
WSM,WSM,williamssonoma,us,
WGO,WGO,winnebago industries,us,
WEC,WEC,wec energy group,us,
LNT,LNT,alliant energy,us,
WWW,WWW,wolverine world wide,us,
WWD,WWD,woodward,us,
FL,FL,foot locker,us,
WOR,WOR,worthington industries,us,
XRX,XRX,xerox holdings,us,
YORW,YORW,york water,us,
SPB,SPB,spectrum brands holdings,us,
TJX,TJX,tjx companies,us,
ZION,ZION,zions bancorporation national association,us,
OSK,OSK,oshkosh,us,
QLYS,QLYS,qualys,us,
SF,SF,stifel financial,us,
OVV,OVV,ovintiv,us,
LCII,LCII,lci industries,us,
JKHY,JKHY,jack henry associates,us,
ASB,ASB,associated banccorp,us,
NMIH,NMIH,nmi holdings,us,
TFC,TFC,truist financial,us,
VLY,VLY,valley national bancorp,us,
FMBI,FMBI,first midwest bancorp,us,
BIG,BIG,big lots,us,
MS,MS,morgan stanley,us,True
TROW,TROW,t rowe price group,us,
MSFT,MSFT,microsoft,us,True
ORCL,ORCL,oracle,us,True
COTY,COTY,coty,us,
RGEN,RGEN,repligen,us,
XOMA,XOMA,xoma,us,
ASTE,ASTE,astec industries,us,
WERN,WERN,werner enterprises,us,
AMWD,AMWD,american woodmark,us,
HOG,HOG,harleydavidson,us,
SKYW,SKYW,skywest,us,
TOL,TOL,toll brothers,us,
POR,POR,portland general electric,us,
IT,IT,gartner,us,
WTS,WTS,watts water technologies,us,
NVR,NVR,nvr,us,
INT,INT,world fuel services,us,
CLFD,CLFD,clearfield,us,
ATUS,ATUS,altice usa,us,
ADBE,ADBE,adobe,us,True
EHC,EHC,encompass health,us,
CNO,CNO,cno financial group,us,
MRTN,MRTN,marten transport,us,
FISV,FISV,fiserv,us,
KBH,KBH,kb home,us,
ABEO,ABEO,abeona therapeutics,us,
UNM,UNM,unum group,us,
PPC,PPC,pilgrim's pride,us,
CLGX,CLGX,corelogic,us,
JJSF,JJSF,j j snack foods,us,
HTLD,HTLD,heartland express,us,
CERN,CERN,cerner,us,
ICAD,ICAD,icad,us,
MKL,MKL,markel,us,
OSUR,OSUR,orasure technologies,us,
PLXS,PLXS,plexus,us,
SNV,SNV,synovus financial,us,
RDNT,RDNT,radnet,us,
JACK,JACK,jack in box,us,
PLAB,PLAB,photronics,us,
KRMD,KRMD,repro med systems,us,
SAFM,SAFM,sanderson farms,us,
PGR,PGR,progressive,us,
RLI,RLI,rli,us,
CDNS,CDNS,cadence design systems,us,
BRY,BRY,berry,us,
CCL,CCL,carnival,us,
MBI,MBI,mbia,us,
MIDD,MIDD,middleby,us,
CRMT,CRMT,america's carmart,us,
ABMD,ABMD,abiomed,us,
CNMD,CNMD,conmed,us,
XRAY,XRAY,dentsply sirona,us,
VIACA,VIACA,viacomcbs,us,
VIAC,VIAC,viacomcbs,us,
ZTS,ZTS,zoetis,us,
HRTX,HRTX,heron therapeutics,us,
FICO,FICO,fair isaac,us,
COOP,COOP,mr cooper group,us,
VGR,VGR,vector group,us,
SCHW,SCHW,charles schwab,us,True
CLH,CLH,clean harbors,us,
AIN,AIN,albany international,us,
CYBE,CYBE,cyberoptics,us,
MITK,MITK,mitek systems,us,
FULT,FULT,fulton financial,us,
BXS,BXS,bancorpsouth bank,us,
FAST,FAST,fastenal,us,
WABC,WABC,westamerica bancorporation,us,
MXIM,MXIM,maxim integrated products,us,
HLF,HLF,herbalife nutrition,us,
FRC,FRC,first republic bank,us,
APH,APH,amphenol,us,
IPAR,IPAR,inter parfums,us,
PII,PII,polaris,us,
ICPT,ICPT,intercept pharmaceuticals,us,
PXD,PXD,pioneer natural resources,us,
USM,USM,united states cellular,us,
MAN,MAN,manpowergroup,us,
MGM,MGM,mgm resorts international,us,
WM,WM,waste management,us,
DELL,DELL,dell technologies,us,
SSP,SSP,ew scripps,us,
IIVI,IIVI,iivi,us,
FCX,FCX,freeportmcmoran,us,
CDMO,CDMO,avid bioservices,us,
ODP,ODP,odp,us,
MTH,MTH,meritage homes,us,
ARCH,ARCH,arch resources,us,
WRB,WRB,w r berkley,us,
CINF,CINF,cincinnati financial,us,
ORI,ORI,old republic international,us,
MGPI,MGPI,mgp ingredients,us,
DDD,DDD,3d systems,us,
DVN,DVN,devon energy,us,
LNN,LNN,lindsay,us,
LH,LH,laboratory america holdings,us,
WDAY,WDAY,workday,us,
VLO,VLO,valero energy,us,
TRS,TRS,trimas,us,
IEX,IEX,idex,us,
TCF,TCF,tcf financial,us,
ARGO,ARGO,argo group international holdings,us,
TECH,TECH,biotechne,us,
BRO,BRO,brown brown,us,
AMBA,AMBA,ambarella,us,
SIG,SIG,signet jewelers,us,
PRTK,PRTK,paratek pharmaceuticals,us,
NLOK,NLOK,nortonlifelock,us,
SPWH,SPWH,sportsman's warehouse holdings,us,
ABBV,ABBV,abbvie,us,True
APAM,APAM,artisan partners asset management,us,
CGNX,CGNX,cognex,us,
PBCT,PBCT,people's united financial,us,
ENTA,ENTA,enanta pharmaceuticals,us,
VOYA,VOYA,voya financial,us,
CRUS,CRUS,cirrus logic,us,
NEOG,NEOG,neogen,us,
LEA,LEA,lear,us,
EOG,EOG,eog resources,us,
BCC,BCC,boise cascade,us,
ZIXI,ZIXI,zix,us,
SFBS,SFBS,servisfirst bancshares,us,
LSCC,LSCC,lattice semiconductor,us,
TMHC,TMHC,taylor morrison home,us,
BMTC,BMTC,bryn mawr bank,us,
CPF,CPF,central pacific financial,us,
DGII,DGII,digi international,us,
EA,EA,electronic arts,us,
HMHC,HMHC,houghton mifflin harcourt,us,
PRTA,PRTA,prothena,us,
FBNC,FBNC,first bancorp,us,
CHCO,CHCO,city holding,us,
CBU,CBU,community bank system,us,
FBP,FBP,first bancorp,us,
GBCI,GBCI,glacier bancorp,us,
FRME,FRME,first merchants,us,
TVTX,TVTX,travere therapeutics,us,
INDB,INDB,independent bank,us,
IBCP,IBCP,independent bank,us,
LSXMA,LSXMA,liberty siriusxm group,us,
LSXMK,LSXMK,liberty siriusxm group,us,
XONE,XONE,exone,us,
ONB,ONB,old national bancorp,us,
IMGN,IMGN,immunogen,us,
PEBO,PEBO,peoples bancorp,us,
SIGI,SIGI,selective insurance group,us,
SIVB,SIVB,svb financial group,us,
WSFS,WSFS,wsfs financial,us,
WAFD,WAFD,washington federal,us,
WBS,WBS,webster financial,us,
WSBC,WSBC,wesbanco,us,
SBCF,SBCF,seacoast banking florida,us,
FFBC,FFBC,first financial bancorp,us,
BLFS,BLFS,biolife solutions,us,
TALO,TALO,talos energy,us,
TMP,TMP,tompkins financial,us,
UBSI,UBSI,united bankshares,us,
UFCS,UFCS,united fire group,us,
NVEE,NVEE,nv5 global,us,
PFSI,PFSI,pennymac financial services,us,
IBTX,IBTX,independent bank group,us,
MODN,MODN,model n,us,
RBNC,RBNC,reliant bancorp,us,
TSC,TSC,tristate capital holdings,us,
CNOB,CNOB,connectone bancorp,us,
EPZM,EPZM,epizyme,us,
ECOM,ECOM,channeladvisor,us,
TMUS,TMUS,tmobile us,us,True
NCBS,NCBS,nicolet bankshares,us,
IQV,IQV,iqvia holdings,us,
SFM,SFM,sprouts farmers market,us,
FI,FI,frank's international,us,
BLUE,BLUE,bluebird bio,us,
CCS,CCS,century communities,us,
NSTG,NSTG,nanostring technologies,us,
COMM,COMM,commscope holding,us,
NWSA,NWSA,news,us,
NWS,NWS,news,us,
NDLS,NDLS,noodles,us,
FNB,FNB,fnb,us,
AGIO,AGIO,agios pharmaceuticals,us,
ANIP,ANIP,ani pharmaceuticals,us,
FCF,FCF,first commonwealth financial,us,
THFF,THFF,first financial,us,
ASC,ASC,ardmore shipping,us,
CWEN-A,CWEN,clearway energy,us,
CWEN,CWEN,clearway energy,us,
SC,SC,santander consumer usa holdings,us,
FLIC,FLIC,first long island,us,
USFD,USFD,us foods holding,us,
PGEN,PGEN,precigen,us,
FOXF,FOXF,fox factory holding,us,
BUSE,BUSE,first busey,us,
AR,AR,antero resources,us,
FEYE,FEYE,fireeye,us,
MUSA,MUSA,murphy usa,us,
XLRN,XLRN,acceleron pharma,us,
HBNC,HBNC,horizon bancorp,us,
CHGG,CHGG,chegg,us,
BNFT,BNFT,benefitfocus,us,
FATE,FATE,fate therapeutics,us,
AAOI,AAOI,applied optoelectronics,us,
ISEE,ISEE,iveric bio,us,
RMAX,RMAX,remax holdings,us,
PINC,PINC,premier,us,
GLOB,GLOB,globant,us,
LGIH,LGIH,lgi homes,us,
RNG,RNG,ringcentral,us,
MGNX,MGNX,macrogenics,us,
BURL,BURL,burlington stores,us,
SAIC,SAIC,science applications international,us,
VEEV,VEEV,veeva systems,us,
PTC,PTC,ptc,us,
LKFN,LKFN,lakeland financial,us,
ESNT,ESNT,essent group,us,
AERI,AERI,aerie pharmaceuticals,us,
TCS,TCS,container store group,us,
TWTR,TWTR,twitter,us,
EXPI,EXPI,exp world holdings,us,
GLYC,GLYC,glycomimetics,us,
AMRX,AMRX,amneal pharmaceuticals,us,
TNDM,TNDM,tandem diabetes care,us,
KPTI,KPTI,karyopharm therapeutics,us,
XNCR,XNCR,xencor,us,
VCYT,VCYT,veracyte,us,
MMI,MMI,marcus millichap,us,
VRNS,VRNS,varonis systems,us,
CWH,CWH,camping world holdings,us,
NBTB,NBTB,nbt bancorp,us,
KIN,KIN,kindred biosciences,us,
RARE,RARE,ultragenyx pharmaceutical,us,
OSBC,OSBC,old second bancorp,us,
CARA,CARA,cara therapeutics,us,
STAY,STAY,extended stay america,us,
TACO,TACO,del taco restaurants,us,
INGN,INGN,inogen,us,
PRK,PRK,park national,us,
SFNC,SFNC,simmons first national,us,
MBUU,MBUU,malibu boats,us,
DENN,DENN,denny's,us,
GIII,GIII,giii apparel group,us,
ITCI,ITCI,intracellular therapies,us,
GSBC,GSBC,great southern bancorp,us,
DRNA,DRNA,dicerna pharmaceuticals,us,
RVNC,RVNC,revance therapeutics,us,
FLXN,FLXN,flexion therapeutics,us,
IBP,IBP,installed building products,us,
OGS,OGS,one gas,us,
KN,KN,knowles,us,
CNCE,CNCE,concert pharmaceuticals,us,
STBA,STBA,st bancorp,us,
LE,LE,lands' end,us,
CBAY,CBAY,cymabay therapeutics,us,
HEAR,HEAR,turtle beach,us,
LC,LC,lendingclub,us,
SABR,SABR,sabre,us,
AUB,AUB,atlantic union bankshares,us,
NLTX,NLTX,neoleukin therapeutics,us,
RESN,RESN,resonant,us,
PCTY,PCTY,paylocity holding,us,
QUOT,QUOT,quotient technology,us,
MGNI,MGNI,magnite,us,
EGRX,EGRX,eagle pharmaceuticals,us,
RMNI,RMNI,rimini street,us,
UVSP,UVSP,univest financial,us,
AKBA,AKBA,akebia therapeutics,us,
WASH,WASH,washington trust bancorp,us,
QTWO,QTWO,q2 holdings,us,
TWOU,TWOU,2u,us,
GRUB,GRUB,grubhub,us,
FIVN,FIVN,five9,us,
MC,MC,moelis,us,
AGTC,AGTC,applied genetic technologies,us,
MEDP,MEDP,medpace holdings,us,
AGRX,AGRX,agile therapeutics,us,
TMST,TMST,timkensteel,us,
CVBF,CVBF,cvb financial,us,
BOX,BOX,box,us,
TMX,TMX,terminix global holdings,us,
PAHC,PAHC,phibro animal health,us,
PAYC,PAYC,paycom software,us,
WMS,WMS,advanced drainage systems,us,
QTNT,QTNT,quotient,us,
SMG,SMG,scotts miraclegro,us,
NERV,NERV,minerva neurosciences,us,
CTLT,CTLT,catalent,us,
ZEN,ZEN,zendesk,us,
KEYS,KEYS,keysight technologies,us,
TBPH,TBPH,theravance biopharma,us,
DNOW,DNOW,now,us,
LOB,LOB,live oak bancshares,us,
PRMW,PRMW,primo water,us,
ARES,ARES,ares management,us,
OEC,OEC,orion engineered carbons,us,
HRTG,HRTG,heritage insurance holdings,us,
SLM,SLM,slm,us,
RYAM,RYAM,rayonier advanced materials,us,
TRUE,TRUE,truecar,us,
COG,COG,cabot oil gas,us,
MRNS,MRNS,marinus pharmaceuticals,us,
DMTK,DMTK,dermtech,us,
GPRO,GPRO,gopro,us,
ARDX,ARDX,ardelyx,us,
SNDX,SNDX,syndax pharmaceuticals,us,
AMPH,AMPH,amphastar pharmaceuticals,us,
VEC,VEC,vectrus,us,
FFWM,FFWM,first foundation,us,
SYF,SYF,synchrony financial,us,
DOOR,DOOR,masonite international,us,
RLMD,RLMD,relmada therapeutics,us,
ANET,ANET,arista networks,us,
CSCO,CSCO,cisco systems,us,True
HQY,HQY,healthequity,us,
HOLX,HOLX,hologic,us,
TRUP,TRUP,trupanion,us,
SAGE,SAGE,sage therapeutics,us,
CNNE,CNNE,cannae holdings,us,
ATEX,ATEX,anterix,us,
LNTH,LNTH,lantheus holdings,us,
XENT,XENT,intersect ent,us,
ATRA,ATRA,atara biotherapeutics,us,
OCUL,OCUL,ocular therapeutix,us,
BSIG,BSIG,brightsphere investment group,us,
ADVM,ADVM,adverum biotechnologies,us,
VKTX,VKTX,viking therapeutics,us,
AKTS,AKTS,akoustis technologies,us,
AXDX,AXDX,accelerate diagnostics,us,
LOCO,LOCO,el pollo loco holdings,us,
NBEV,NBEV,newage,us,
CFRX,CFRX,contrafect,us,
LBRDA,LBRDA,liberty broadband,us,
LBRDK,LBRDK,liberty broadband,us,
VICR,VICR,vicor,us,
AVNS,AVNS,avanos medical,us,
LSTR,LSTR,landstar system,us,
KMPR,KMPR,kemper,us,
UNVR,UNVR,univar solutions,us,
VYNE,VYNE,vyne therapeutics,us,
W,W,wayfair,us,
AAON,AAON,aaon,us,
CIVB,CIVB,civista bancshares,us,
RYTM,RYTM,rhythm pharmaceuticals,us,
GWB,GWB,great western bancorp,us,
CALA,CALA,calithera biosciences,us,
VBTX,VBTX,veritex holdings,us,
AFMD,AFMD,affimed,us,
PRAH,PRAH,pra health sciences,us,
CDK,CDK,cdk global,us,
MMSI,MMSI,merit medical systems,us,
FRPT,FRPT,freshpet,us,
CZR,CZR,caesars entertainment,us,
TBK,TBK,triumph bancorp,us,
CFG,CFG,citizens financial group,us,
CHRS,CHRS,coherus biosciences,us,
HUBS,HUBS,hubspot,us,
BOOT,BOOT,boot barn holdings,us,
FGEN,FGEN,fibrogen,us,
PANL,PANL,pangaea logistics solutions,us,
NVRO,NVRO,nevro,us,
WK,WK,workiva,us,
CRBP,CRBP,corbus pharmaceuticals holdings,us,
SIEN,SIEN,sientra,us,
SYNH,SYNH,syneos health,us,
UPLD,UPLD,upland software,us,
GRBK,GRBK,green brick partners,us,
JYNT,JYNT,joint,us,
AXTA,AXTA,axalta coating systems,us,
FND,FND,floor decor holdings,us,
NEWR,NEWR,new relic,us,
TBI,TBI,trueblue,us,
HCA,HCA,hca healthcare,us,
XLNX,XLNX,xilinx,us,
CURO,CURO,curo group holdings,us,
PARR,PARR,par pacific holdings,us,
GMS,GMS,gms,us,
PIRS,PIRS,pieris pharmaceuticals,us,
SUM,SUM,summit materials,us,
LCI,LCI,lannett,us,
VSTO,VSTO,vista outdoor,us,
ESTE,ESTE,earthstone energy,us,
SHAK,SHAK,shake shack,us,
INOV,INOV,inovalon holdings,us,
SYBT,SYBT,stock yards bancorp,us,
CC,CC,chemours,us,
TRMB,TRMB,trimble,us,
VERU,VERU,veru,us,
NVTA,NVTA,invitae,us,
EXPO,EXPO,exponent,us,
GDDY,GDDY,godaddy,us,
ENR,ENR,energizer holdings,us,
BHE,BHE,benchmark electronics,us,
FRTA,FRTA,forterra,us,
VRAY,VRAY,viewray,us,
SEDG,SEDG,solaredge technologies,us,
BLBD,BLBD,blue bird,us,
MTRX,MTRX,matrix service,us,
ESE,ESE,esco technologies,us,
CABO,CABO,cable one,us,
ETSY,ETSY,etsy,us,
BLD,BLD,topbuild,us,
PJT,PJT,pjt partners,us,
LITE,LITE,lumentum holdings,us,
ETH,ETH,ethan allen interiors,us,
BPMC,BPMC,blueprint medicines,us,
VIRT,VIRT,virtu financial,us,
OPRX,OPRX,optimizerx,us,
CVA,CVA,covanta holding,us,
CATY,CATY,cathay general bancorp,us,
CDAY,CDAY,ceridian hcm holding,us,
COLL,COLL,collegium pharmaceutical,us,
HAYN,HAYN,haynes international,us,
ALTA,ALTA,altabancorp,us,
PAVM,PAVM,pavmed,us,
CYH,CYH,community health systems,us,
DORM,DORM,dorman products,us,
AZO,AZO,autozone,us,
REGN,REGN,regeneron pharmaceuticals,us,
EVH,EVH,evolent health,us,
WING,WING,wingstop,us,
EXTN,EXTN,exterran,us,
X,X,united states steel,us,
GKOS,GKOS,glaukos,us,
IONS,IONS,ionis pharmaceuticals,us,
APPF,APPF,appfolio,us,
OLLI,OLLI,ollie's bargain outlet holdings,us,
ALRM,ALRM,alarmcom holdings,us,
FCFS,FCFS,firstcash,us,
DBI,DBI,designer brands,us,
NTRA,NTRA,natera,us,
MCRB,MCRB,seres therapeutics,us,
IDXX,IDXX,idexx laboratories,us,
AES,AES,aes,us,
HWC,HWC,hancock whitney,us,
TDOC,TDOC,teladoc health,us,
DIN,DIN,dine brands global,us,
KALU,KALU,kaiser aluminum,us,
ALKS,ALKS,alkermes,us,
MNST,MNST,monster beverage,us,
VRTX,VRTX,vertex pharmaceuticals,us,
MNRO,MNRO,monro,us,
LIND,LIND,lindblad expeditions holdings,us,
PRGS,PRGS,progress software,us,
MTG,MTG,mgic investment,us,
TVTY,TVTY,tivity health,us,
ZBRA,ZBRA,zebra technologies,us,
EZPW,EZPW,ezcorp,us,
PRA,PRA,proassurance,us,
BOKF,BOKF,bok financial,us,
SPNE,SPNE,seaspine holdings,us,
FIZZ,FIZZ,national beverage,us,
BIIB,BIIB,biogen,us,
MSGS,MSGS,madison square garden sports,us,
RPD,RPD,rapid7,us,
OOMA,OOMA,ooma,us,
CHMA,CHMA,chiasma,us,
DSKE,DSKE,daseke,us,
AGLE,AGLE,aeglea biotherapeutics,us,
FLOW,FLOW,spx flow,us,
PYPL,PYPL,paypal holdings,us,True
ODFL,ODFL,old dominion freight line,us,
TRU,TRU,transunion,us,
HMN,HMN,horace mann educators,us,
WNC,WNC,wabash national,us,
LILA,LILA,liberty latin america,us,
LILAK,LILAK,liberty latin america,us,
WRLD,WRLD,world acceptance,us,
WETF,WETF,wisdomtree investments,us,
PRGO,PRGO,perrigo,us,
TTEK,TTEK,tetra tech,us,
AMSC,AMSC,american superconductor,us,
QCOM,QCOM,qualcomm,us,True
GILD,GILD,gilead sciences,us,
PLNT,PLNT,planet fitness,us,
RUN,RUN,sunrun,us,
MCFT,MCFT,mastercraft boat holdings,us,
ROP,ROP,roper technologies,us,
SNPS,SNPS,synopsys,us,
ELY,ELY,callaway golf,us,
VRTS,VRTS,virtus investment partners,us,
MHK,MHK,mohawk industries,us,
LIN,LIN,linde,us,True
CNR,CNR,cornerstone building brands,us,
RNST,RNST,renasant,us,
AGCO,AGCO,agco,us,
HLI,HLI,houlihan lokey,us,
BKE,BKE,buckle,us,
OLED,OLED,universal display,us,
BSX,BSX,boston scientific,us,
KSS,KSS,kohl's,us,
VBIV,VBIV,vbi vaccines,us,
STE,STE,steris,us,
USPH,USPH,us physical therapy,us,
BBBY,BBBY,bed bath beyond,us,
CACC,CACC,credit acceptance,us,
DHI,DHI,dr horton,us,
GBT,GBT,global blood therapeutics,us,
COLB,COLB,columbia banking system,us,
GPK,GPK,graphic packaging holding,us,
TWNK,TWNK,hostess brands,us,
FCEL,FCEL,fuelcell energy,us,
SBUX,SBUX,starbucks,us,True
CENT,CENT,central garden pet,us,
CENTA,CENTA,central garden pet,us,
WIRE,WIRE,encore wire,us,
KW,KW,kennedywilson holdings,us,
CAKE,CAKE,cheesecake factory,us,
LFUS,LFUS,littelfuse,us,
ASGN,ASGN,asgn,us,
PSTG,PSTG,pure storage,us,
MTX,MTX,minerals technologies,us,
PDCO,PDCO,patterson companies,us,
SITE,SITE,siteone landscape supply,us,
RDN,RDN,radian group,us,
SGRY,SGRY,surgery partners,us,
KAI,KAI,kadant,us,
LGND,LGND,ligand pharmaceuticals,us,
GTLS,GTLS,chart industries,us,
SM,SM,sm energy,us,
MTCH,MTCH,match group,us,
KURA,KURA,kura oncology,us,
CTMX,CTMX,cytomx therapeutics,us,
NVCR,NVCR,novocure,us,
HOME,HOME,at home group,us,
RGNX,RGNX,regenxbio,us,
PEN,PEN,penumbra,us,
HPE,HPE,hewlett packard enterprise,us,
ANAB,ANAB,anaptysbio,us,
BRP,BRP,brp group,us,
ABTX,ABTX,allegiance bancshares,us,
DLTH,DLTH,duluth holdings,us,
WVE,WVE,wave life sciences,us,
VYGR,VYGR,voyager therapeutics,us,
AXSM,AXSM,axsome therapeutics,us,
APLS,APLS,apellis pharmaceuticals,us,
RRR,RRR,red rock resorts,us,
SQ,SQ,square,us,
MIME,MIME,mimecast,us,
TEAM,TEAM,atlassian,us,
WBT,WBT,welbilt,us,
RMR,RMR,rmr group,us,
FTV,FTV,fortive,us,
AGR,AGR,avangrid,us,
OCX,OCX,oncocyte,us,
NTNX,NTNX,nutanix,us,
HRI,HRI,herc holdings,us,
TRHC,TRHC,tabula rasa healthcare,us,
GCP,GCP,gcp applied technologies,us,
TCMD,TCMD,tactile systems technology,us,
EDIT,EDIT,editas medicine,us,
RETA,RETA,reata pharmaceuticals,us,
EIGR,EIGR,eiger biopharmaceuticals,us,
NGVT,NGVT,ingevity,us,
NTLA,NTLA,intellia therapeutics,us,
BATRK,BATRK,liberty braves group,us,
FWONA,FWONA,formula one group,us,
FWONK,FWONK,formula one group,us,
BALY,BALY,bally's,us,
ADNT,ADNT,adient,us,
SELB,SELB,selecta biosciences,us,
TWLO,TWLO,twilio,us,
VVV,VVV,valvoline,us,
JELD,JELD,jeldwen holding,us,
PI,PI,impinj,us,
SYRS,SYRS,syros pharmaceuticals,us,
HGV,HGV,hilton grand vacations,us,
KDMN,KDMN,kadmon holdings,us,
KIDS,KIDS,orthopediatrics,us,
TPIC,TPIC,tpi composites,us,
GOLF,GOLF,acushnet holdings,us,
SMPL,SMPL,simply good foods,us,
HONE,HONE,harborone bancorp,us,
AA,AA,alcoa,us,
KNSL,KNSL,kinsale capital group,us,
YETI,YETI,yeti holdings,us,
FHB,FHB,first hawaiian,us,
PTGX,PTGX,protagonist therapeutics,us,
INSW,INSW,international seaways,us,
MDGL,MDGL,madrigal pharmaceuticals,us,
NLS,NLS,nautilus,us,
CREE,CREE,cree,us,
DFIN,DFIN,donnelley financial solutions,us,
LIVN,LIVN,livanova,us,
CRY,CRY,cryolife,us,
UEIC,UEIC,universal electronics,us,
FBK,FBK,fb financial,us,
EVBG,EVBG,everbridge,us,
TTD,TTD,trade desk,us,
ELF,ELF,elf beauty,us,
HUM,HUM,humana,us,
AVID,AVID,avid technology,us,
INTU,INTU,intuit,us,True
SCVL,SCVL,shoe carnival,us,
CSTR,CSTR,capstar financial holdings,us,
MCHP,MCHP,microchip technology,us,
BOMN,BOMN,boston omaha,us,
CHS,CHS,chico's fas,us,
FLGT,FLGT,fulgent genetics,us,
BANF,BANF,bancfirst,us,
CB,CB,chubb,us,
DZSI,DZSI,dzs,us,
COUP,COUP,coupa software,us,
SANM,SANM,sanmina,us,
TCBK,TCBK,trico bancshares,us,
ATR,ATR,aptargroup,us,
ORLY,ORLY,o'reilly automotive,us,
RCL,RCL,royal caribbean group,us,
HWM,HWM,howmet aerospace,us,
AVNT,AVNT,avient,us,
JBL,JBL,jabil,us,
RGA,RGA,reinsurance group america,us,
GABC,GABC,german american bancorp,us,
CDW,CDW,cdw,us,
RIG,RIG,transocean,us,
ALL,ALL,allstate,us,
IRTC,IRTC,irhythm technologies,us,
LGF-A,LGF,lions gate entertainment,us,
LGF-B,LGF,lions gate entertainment,us,
OFIX,OFIX,orthofix medical,us,
SPNS,SPNS,sapiens international,us,
PZZA,PZZA,papa john's international,us,
THRM,THRM,gentherm,us,
BL,BL,blackline,us,
YUMC,YUMC,yum china holdings,us,
GRWG,GRWG,growgeneration,us,
BCO,BCO,brink's,us,
MCRI,MCRI,monarch casino resort,us,
CNDT,CNDT,conduent,us,
BWA,BWA,borgwarner,us,
SPTN,SPTN,spartannash,us,
PFGC,PFGC,performance food group,us,
LW,LW,lamb weston holdings,us,
ARWR,ARWR,arrowhead pharmaceuticals,us,
CASH,CASH,meta financial group,us,
KDP,KDP,keurig dr pepper,us,
MAR,MAR,marriott international,us,
BDC,BDC,belden,us,
QCRH,QCRH,qcr holdings,us,
VREX,VREX,varex imaging,us,
BYD,BYD,boyd gaming,us,
CKPT,CKPT,checkpoint therapeutics,us,
DECK,DECK,deckers outdoor,us,
ALBO,ALBO,albireo pharma,us,
COST,COST,costco wholesale,us,True
FFIN,FFIN,first financial bankshares,us,
PTEN,PTEN,pattersonuti energy,us,
INCY,INCY,incyte,us,
ROCK,ROCK,gibraltar industries,us,
ITRI,ITRI,itron,us,
URBN,URBN,urban outfitters,us,
CNTY,CNTY,century casinos,us,
CARS,CARS,carscom,us,
UFPI,UFPI,ufp industries,us,
ICHR,ICHR,ichor holdings,us,
FWRD,FWRD,forward air,us,
BYSI,BYSI,beyondspring,us,
BPFH,BPFH,boston private financial holdings,us,
VIAV,VIAV,viavi solutions,us,
KALV,KALV,kalvista pharmaceuticals,us,
NYCB,NYCB,new york community bancorp,us,
CASA,CASA,casa systems,us,
SHOO,SHOO,steven madden,us,
EMN,EMN,eastman chemical,us,
UFPT,UFPT,ufp technologies,us,
LNG,LNG,cheniere energy,us,
MED,MED,medifast,us,
NEX,NEX,nextier oilfield solutions,us,
HAIN,HAIN,hain celestial group,us,
WTTR,WTTR,select energy services,us,
JNCE,JNCE,jounce therapeutics,us,
DSPG,DSPG,dsp group,us,
MLM,MLM,martin marietta materials,us,
TSCO,TSCO,tractor supply,us,
ALB,ALB,albemarle,us,
BZH,BZH,beazer homes usa,us,
IVZ,IVZ,invesco,us,
WRK,WRK,westrock,us,
BCRX,BCRX,biocryst pharmaceuticals,us,
NNBR,NNBR,nn,us,
CPRT,CPRT,copart,us,
SCSC,SCSC,scansource,us,
MPAA,MPAA,motorcar parts america,us,
LMNR,LMNR,limoneira,us,
FMBH,FMBH,first mid bancshares,us,
EXP,EXP,eagle materials,us,
AEO,AEO,american eagle outfitters,us,
HLNE,HLNE,hamilton lane,us,
IR,IR,ingersoll rand,us,
NKTR,NKTR,nektar therapeutics,us,
PUMP,PUMP,propetro holding,us,
ABCB,ABCB,ameris bancorp,us,
TELL,TELL,tellurian,us,
PENN,PENN,penn national gaming,us,
SSD,SSD,simpson manufacturing,us,
LBRT,LBRT,liberty oilfield services,us,
HCC,HCC,warrior met coal,us,
FDP,FDP,fresh del monte produce,us,
GBX,GBX,greenbrier companies,us,
SOI,SOI,solaris oilfield infrastructure,us,
ARD,ARD,ardagh group,us,
ADTN,ADTN,adtran,us,
AMED,AMED,amedisys,us,
YEXT,YEXT,yext,us,
DAR,DAR,darling ingredients,us,
AYX,AYX,alteryx,us,
SIRI,SIRI,sirius xm holdings,us,
RS,RS,reliance steel aluminum,us,
OKTA,OKTA,okta,us,
KNX,KNX,knightswift transportation holdings,us,
AZPN,AZPN,aspen technology,us,
CVLG,CVLG,covenant logistics group,us,
NWBI,NWBI,northwest bancshares,us,
CADE,CADE,cadence bancorporation,us,
COF,COF,capital one financial,us,
CVNA,CVNA,carvana,us,
CLDR,CLDR,cloudera,us,
URGN,URGN,urogen pharma,us,
VERI,VERI,veritone,us,
BHVN,BHVN,biohaven pharmaceutical holding,us,
AM,AM,antero midstream,us,
OVID,OVID,ovid therapeutics,us,
SVRA,SVRA,savara,us,
APPN,APPN,appian,us,
MGY,MGY,magnolia oil gas,us,
GNTY,GNTY,guaranty bancshares,us,
GTHX,GTHX,g1 therapeutics,us,
FOCS,FOCS,focus financial partners,us,
HAFC,HAFC,hanmi financial,us,
AGS,AGS,playags,us,
NSIT,NSIT,insight enterprises,us,
SSTI,SSTI,shotspotter,us,
RCII,RCII,rentacenter,us,
WOW,WOW,wideopenwest,us,
BRKS,BRKS,brooks automation,us,
SGH,SGH,smart global holdings,us,
ACIW,ACIW,aci worldwide,us,
BY,BY,byline bancorp,us,
DLTR,DLTR,dollar tree,us,
NATI,NATI,national instruments,us,
MRSN,MRSN,mersana therapeutics,us,
ABC,ABC,amerisourcebergen,us,
CBZ,CBZ,cbiz,us,
BMRC,BMRC,bank marin bancorp,us,
BHF,BHF,brighthouse financial,us,
HLIT,HLIT,harmonic,us,
DRI,DRI,darden restaurants,us,
RMD,RMD,resmed,us,
BBCP,BBCP,concrete pumping holdings,us,
RDFN,RDFN,redfin,us,
BKR,BKR,baker hughes,us,
PETQ,PETQ,petiq,us,
GNPX,GNPX,genprex,us,
MTEM,MTEM,molecular templates,us,
PQG,PQG,pq group holdings,us,
MBIO,MBIO,mustang bio,us,
KRYS,KRYS,krystal biotech,us,
CEIX,CEIX,consol energy,us,
ROKU,ROKU,roku,us,
DCPH,DCPH,deciphera pharmaceuticals,us,
OPTN,OPTN,optinose,us,
SWCH,SWCH,switch,us,
SPRO,SPRO,spero therapeutics,us,
MDB,MDB,mongodb,us,
FNKO,FNKO,funko,us,
ALTR,ALTR,altair engineering,us,
CARG,CARG,cargurus,us,
BAND,BAND,bandwidth,us,
EYE,EYE,national vision holdings,us,
CBTX,CBTX,cbtx,us,
OSW,OSW,onespaworld holdings,us,
AQUA,AQUA,evoqua water technologies,us,
MBIN,MBIN,merchants bancorp,us,
SAIL,SAIL,sailpoint technologies holdings,us,
CUE,CUE,cue biopharma,us,
SFIX,SFIX,stitch fix,us,
ARCT,ARCT,arcturus therapeutics holdings,us,
NMRK,NMRK,newmark group,us,
EQH,EQH,equitable holdings,us,
WSC,WSC,willscot mobile mini holdings,us,
DNLI,DNLI,denali therapeutics,us,
QTRX,QTRX,quanterix,us,
ODT,ODT,odonate therapeutics,us,
AVYA,AVYA,avaya holdings,us,
VMD,VMD,viemed healthcare,us,
GTES,GTES,gates industrial,us,
SLDB,SLDB,solid biosciences,us,
RCKT,RCKT,rocket pharmaceuticals,us,
EOLS,EOLS,evolus,us,
ADT,ADT,adt,us,
CDLX,CDLX,cardlytics,us,
WHD,WHD,cactus,us,
BTAI,BTAI,bioxcel therapeutics,us,
NBSE,NBSE,neubase therapeutics,us,
ZS,ZS,zscaler,us,
CLBK,CLBK,columbia financial,us,
PRPL,PRPL,purple innovation,us,
BWB,BWB,bridgewater bancshares,us,
RCUS,RCUS,arcus biosciences,us,
DBX,DBX,dropbox,us,
SPOT,SPOT,spotify technology,us,
ZUO,ZUO,zuora,us,
FIXX,FIXX,homology medicines,us,
WH,WH,wyndham hotels resorts,us,
SMAR,SMAR,smartsheet,us,
DOCU,DOCU,docusign,us,
UBX,UBX,unity biotechnology,us,
CHX,CHX,championx,us,
LASR,LASR,nlight,us,
GSHD,GSHD,goosehead insurance,us,
ROAD,ROAD,construction partners,us,
LOVE,LOVE,lovesac,us,
INSP,INSP,inspire medical systems,us,
EVLO,EVLO,evelo biosciences,us,
SRRK,SRRK,scholar rock holding,us,
KNSA,KNSA,kiniksa pharmaceuticals,us,
OBNK,OBNK,origin bancorp,us,
XAIR,XAIR,beyond air,us,
MGTA,MGTA,magenta therapeutics,us,
GSKY,GSKY,greensky,us,
EVOP,EVOP,evo payments,us,
MGTX,MGTX,meiragtx holdings,us,
VRCA,VRCA,verrica pharmaceuticals,us,
USX,USX,us xpress enterprises,us,
TCDA,TCDA,tricida,us,
TBIO,TBIO,translate bio,us,
DOMO,DOMO,domo,us,
AVLR,AVLR,avalara,us,
KZR,KZR,kezar life sciences,us,
BV,BV,brightview holdings,us,
IIIV,IIIV,i3 verticals,us,
SKY,SKY,skyline champion,us,
AVRO,AVRO,avrobio,us,
XERS,XERS,xeris pharmaceuticals,us,
BE,BE,bloom energy,us,
RPAY,RPAY,repay holdings,us,
EVER,EVER,everquote,us,
BJ,BJ,bj's wholesale club holdings,us,
REPL,REPL,replimune group,us,
RUBY,RUBY,rubius therapeutics,us,
ALLK,ALLK,allakos,us,
CRNX,CRNX,crinetics pharmaceuticals,us,
CNST,CNST,constellation pharmaceuticals,us,
AQST,AQST,aquestive therapeutics,us,
IAA,IAA,iaa,us,
PRVB,PRVB,provention bio,us,
TENB,TENB,tenable holdings,us,
ARLO,ARLO,arlo technologies,us,
SONO,SONO,sonos,us,
CWK,CWK,cushman wakefield,us,
LQDA,LQDA,liquidia,us,
IMXI,IMXI,international money express,us,
FTDR,FTDR,frontdoor,us,
ELAN,ELAN,elanco animal health,us,
MESA,MESA,mesa air group,us,
AMTB,AMTB,amerant bancorp,us,
CRK,CRK,comstock resources,us,
FLMN,FLMN,falcon minerals,us,
LTHM,LTHM,livent,us,
REZI,REZI,resideo technologies,us,
STRO,STRO,sutro biopharma,us,
EB,EB,eventbrite,us,
ARVN,ARVN,arvinas,us,
GRTS,GRTS,gritstone bio,us,
UPWK,UPWK,upwork,us,
GH,GH,guardant health,us,
KOD,KOD,kodiak sciences,us,
YMAB,YMAB,ymabs therapeutics,us,
SVMK,SVMK,svmk,us,
ALLO,ALLO,allogene therapeutics,us,
SIBN,SIBN,sibone,us,
PHAS,PHAS,phasebio pharmaceuticals,us,
NGM,NGM,ngm biopharmaceuticals,us,
PLAN,PLAN,anaplan,us,
TWST,TWST,twist bioscience,us,
ESTC,ESTC,elastic,us,
VRRM,VRRM,verra mobility,us,
STNE,STNE,stoneco,us,
VAPO,VAPO,vapotherm,us,
AMK,AMK,assetmark financial holdings,us,
ETRN,ETRN,equitrans midstream,us,
AXNX,AXNX,axonics,us,
MRNA,MRNA,moderna,us,
WTRH,WTRH,waitr holdings,us,
DOW,DOW,dow,us,
SI,SI,silvergate capital,us,
BYND,BYND,beyond meat,us,
ORGO,ORGO,organogenesis holdings,us,
GOSS,GOSS,gossamer bio,us,
HARP,HARP,harpoon therapeutics,us,
TCRR,TCRR,tcr2 therapeutics,us,
PSTX,PSTX,poseida therapeutics,us,
ALEC,ALEC,alector,us,
FOXA,FOXA,fox,us,
FOX,FOX,fox,us,
KLDO,KLDO,kaleido biosciences,us,
WTRE,WTRE,watford holdings,us,
CVET,CVET,covetrus,us,
SWAV,SWAV,shockwave medical,us,
LYFT,LYFT,lyft,us,
SILK,SILK,silk road medical,us,
DTIL,DTIL,precision biosciences,us,
TW,TW,tradeweb markets,us,
TH,TH,target hospitality,us,
PLMR,PLMR,palomar holdings,us,
CHNG,CHNG,change healthcare,us,
PD,PD,pagerduty,us,
DSSI,DSSI,diamond s shipping,us,
MNRL,MNRL,brigham minerals,us,
ZM,ZM,zoom video communications,us,
TPTX,TPTX,turning point therapeutics,us,
PINS,PINS,pinterest,us,
HOOK,HOOK,hookipa pharma,us,
KTB,KTB,kontoor brands,us,
TMDX,TMDX,transmedics group,us,
AVTR,AVTR,avantor,us,
UBER,UBER,uber technologies,us,
NXTC,NXTC,nextcure,us,
APLT,APLT,applied therapeutics,us,
CRTX,CRTX,cortexyme,us,
FSLY,FSLY,fastly,us,
WORK,WORK,slack technologies,us,
IDYA,IDYA,ideaya biosciences,us,
PSN,PSN,parsons,us,
CTVA,CTVA,corteva,us,
CRWD,CRWD,crowdstrike holdings,us,
PSNL,PSNL,personalis,us,
STOK,STOK,stoke therapeutics,us,
BBIO,BBIO,bridgebio pharma,us,
AKRO,AKRO,akero therapeutics,us,
BCEL,BCEL,atreca,us,
ADPT,ADPT,adaptive biotechnologies,us,
MORF,MORF,morphic holding,us,
REAL,REAL,realreal,us,
KRTX,KRTX,karuna therapeutics,us,
CMBM,CMBM,cambium networks,us,
MDLA,MDLA,medallia,us,
MIRM,MIRM,mirum pharmaceuticals,us,
PHR,PHR,phreesia,us,
HCAT,HCAT,health catalyst,us,
NOVA,NOVA,sunnova energy international,us,
CSTL,CSTL,castle biosciences,us,
KRUS,KRUS,kura sushi usa,us,
RAPT,RAPT,rapt therapeutics,us,
DT,DT,dynatrace,us,
ONEW,ONEW,onewater marine,us,
CFB,CFB,crossfirst bankshares,us,
OPRT,OPRT,oportun financial,us,
NVST,NVST,envista holdings,us,
OPCH,OPCH,option care health,us,
SWTX,SWTX,springworks therapeutics,us,
NET,NET,cloudflare,us,
CRNC,CRNC,cerence,us,
PING,PING,ping identity holding,us,
DDOG,DDOG,datadog,us,
PTON,PTON,peloton interactive,us,
VIR,VIR,vir biotechnology,us,
IGMS,IGMS,igm biosciences,us,
TXG,TXG,10x genomics,us,
PNTG,PNTG,pennant group,us,
FREQ,FREQ,frequency therapeutics,us,
BRBR,BRBR,bellring brands,us,
PGNY,PGNY,progyny,us,
BEAM,BEAM,beam therapeutics,us,
PHAT,PHAT,phathom pharmaceuticals,us,
OYST,OYST,oyster point pharma,us,
GRTX,GRTX,galera therapeutics,us,
ETNB,ETNB,89bio,us,
SITM,SITM,sitime,us,
SPCE,SPCE,virgin galactic holdings,us,
AHCO,AHCO,adapthealth,us,
BILL,BILL,billcom holdings,us,
REYN,REYN,reynolds consumer products,us,
SPT,SPT,sprout social,us,
ARNC,ARNC,arconic,us,
IMVT,IMVT,immunovant,us,
ONEM,ONEM,1life healthcare,us,
ARQT,ARQT,arcutis biotherapeutics,us,
PPD,PPD,ppd,us,
CSPR,CSPR,casper sleep,us,
SDGR,SDGR,schrdinger,us,
BDTX,BDTX,black diamond therapeutics,us,
RVMD,RVMD,revolution medicines,us,
PASG,PASG,passage bio,us,
VRT,VRT,vertiv holdings,us,
PAE,PAE,pae,us,
OTIS,OTIS,otis worldwide,us,
CARR,CARR,carrier global,us,
AZEK,AZEK,azek,us,
ALTG,ALTG,alta equipment group,us,
SLQT,SLQT,selectquote,us,
NARI,NARI,inari medical,us,
ACCD,ACCD,accolade,us,
ORIC,ORIC,oric pharmaceuticals,us,
GDYN,GDYN,grid dynamics holdings,us,
ZNTL,ZNTL,zentalis pharmaceuticals,us,
MSGE,MSGE,madison square garden entertainment,us,
KROS,KROS,keros therapeutics,us,
PLRX,PLRX,pliant therapeutics,us,
RNA,RNA,avidity biosciences,us,
RPRX,RPRX,royalty pharma,us,
AMTI,AMTI,applied molecular transport,us,
VRM,VRM,vroom,us,
ACEL,ACEL,accel entertainment,us,
FMTX,FMTX,forma therapeutics holdings,us,
AKUS,AKUS,akouos,us,
GBIO,GBIO,generation bio,us,
PCVX,PCVX,vaxcyte,us,
GOCO,GOCO,gohealth,us,
TIG,TIG,trean insurance group,us,
RXT,RXT,rackspace technology,us,
NKTX,NKTX,nkarta,us,
BLI,BLI,berkeley lights,us,
RLAY,RLAY,relay therapeutics,us,
ITOS,ITOS,iteos therapeutics,us,
IAC,IAC,iacinteractivecorp,us,
ALXO,ALXO,alx oncology holdings,us,
NCNO,NCNO,ncino,us,
JAMF,JAMF,jamf holding,us,
MEG,MEG,montrose environmental group,us,
RKT,RKT,rocket companies,us,
VITL,VITL,vital farms,us,
OSH,OSH,oak street health,us,
BIGC,BIGC,bigcommerce holdings,us,
AFIB,AFIB,acutus medical,us,
NRIX,NRIX,nurix therapeutics,us,
ANNX,ANNX,annexon,us,
DCT,DCT,duck creek technologies,us,
KYMR,KYMR,kymera therapeutics,us,
AOUT,AOUT,american outdoor brands,us,
SBGI,SBGI,sinclair broadcast group,us,
DISH,DISH,dish network,us,
HA,HA,hawaiian holdings,us,
PLAY,PLAY,dave buster's entertainment,us,
SYX,SYX,systemax,us,
WAB,WAB,westinghouse air brake technologies,us,
EAF,EAF,graftech international,us,
AAWW,AAWW,atlas air worldwide holdings,us,
KFRC,KFRC,kforce,us,
IART,IART,integra lifesciences holdings,us,
ACGL,ACGL,arch capital group,us,
SMSI,SMSI,smith micro software,us,
MD,MD,mednax,us,
NOVT,NOVT,novanta,us,
RE,RE,everest re group,us,
MYGN,MYGN,myriad genetics,us,
RNR,RNR,renaissancere holdings,us,
THG,THG,hanover insurance group,us,
POOL,POOL,pool,us,
DVA,DVA,davita,us,
BANR,BANR,banner,us,
OPK,OPK,opko health,us,
HSIC,HSIC,henry schein,us,
AEIS,AEIS,advanced energy industries,us,
EL,EL,este lauder companies,us,
WAT,WAT,waters,us,
SAM,SAM,boston beer,us,
FFIC,FFIC,flushing financial,us,
IVAC,IVAC,intevac,us,
NTAP,NTAP,netapp,us,
NWPX,NWPX,northwest pipe,us,
NVAX,NVAX,novavax,us,
CTXS,CTXS,citrix systems,us,
NUAN,NUAN,nuance communications,us,
HTLF,HTLF,heartland financial usa,us,
TGTX,TGTX,tg therapeutics,us,
MSM,MSM,msc industrial direct,us,
HIG,HIG,hartford financial services group,us,
SCCO,SCCO,southern copper,us,
LNDC,LNDC,landec,us,
CMCO,CMCO,columbus mckinnon,us,
ALXN,ALXN,alexion pharmaceuticals,us,
CSGS,CSGS,csg systems international,us,
HUBG,HUBG,hub group,us,
CENX,CENX,century aluminum,us,
SASR,SASR,sandy spring bancorp,us,
TRV,TRV,travelers companies,us,
SYKE,SYKE,sykes enterprises,us,
FCN,FCN,fti consulting,us,
TUP,TUP,tupperware brands,us,
NBIX,NBIX,neurocrine biosciences,us,
SSNC,SSNC,ssc technologies holdings,us,
SBSI,SBSI,southside bancshares,us,
RUSHA,RUSHA,rush enterprises,us,
ANSS,ANSS,ansys,us,
DCOM,DCOM,dime community bancshares,us,
FDS,FDS,factset research systems,us,
QGEN,QGEN,qiagen,us,
OCFC,OCFC,oceanfirst financial,us,
PEGA,PEGA,pegasystems,us,
STRA,STRA,strategic education,us,
GERN,GERN,geron,us,
TTEC,TTEC,ttec holdings,us,
GES,GES,guess',us,
SRCL,SRCL,stericycle,us,
ANF,ANF,abercrombie fitch,us,
ENDP,ENDP,endo international,us,
SPPI,SPPI,spectrum pharmaceuticals,us,
ATRS,ATRS,antares pharma,us,
BJRI,BJRI,bj's restaurants,us,
HIBB,HIBB,hibbett sports,us,
WTFC,WTFC,wintrust financial,us,
PAG,PAG,penske automotive group,us,
TGI,TGI,triumph group,us,
NOV,NOV,nov,us,
UNFI,UNFI,united natural foods,us,
PLUS,PLUS,eplus,us,
NUS,NUS,nu skin enterprises,us,
STLD,STLD,steel dynamics,us,
FORR,FORR,forrester research,us,
VSAT,VSAT,viasat,us,
DGX,DGX,quest diagnostics,us,
LAD,LAD,lithia motors,us,
HLIO,HLIO,helios technologies,us,
CALM,CALM,calmaine foods,us,
NSP,NSP,insperity,us,
CERS,CERS,cerus,us,
VCEL,VCEL,vericel,us,
MTN,MTN,vail resorts,us,
CIEN,CIEN,ciena,us,
SLGN,SLGN,silgan holdings,us,
KMX,KMX,carmax,us,
EEFT,EEFT,euronet worldwide,us,
SSB,SSB,south state,us,
TTWO,TTWO,taketwo interactive software,us,
FBC,FBC,flagstar bancorp,us,
RMBS,RMBS,rambus,us,
AMZN,AMZN,amazoncom,us,True
UCBI,UCBI,united community banks,us,
QRVO,QRVO,qorvo,us,
SRPT,SRPT,sarepta therapeutics,us,
RL,RL,ralph lauren,us,
MMS,MMS,maximus,us,
SLP,SLP,simulations plus,us,
PPBI,PPBI,pacific premier bancorp,us,
FIX,FIX,comfort systems usa,us,
HLX,HLX,helix energy solutions group,us,
AROC,AROC,archrock,us,
HSKA,HSKA,heska,us,
EGHT,EGHT,8x8,us,
OZK,OZK,bank ozk,us,
JLL,JLL,jones lang lasalle,us,
QADA,QADA,qad,us,
UMPQ,UMPQ,umpqua holdings,us,
BFAM,BFAM,bright horizons family solutions,us,
PSMT,PSMT,pricesmart,us,
MTOR,MTOR,meritor,us,
YUM,YUM,yum! brands,us,
FARO,FARO,faro technologies,us,
PLCE,PLCE,children's place,us,
NAT,NAT,nordic american tankers,us,
CAC,CAC,camden national,us,
SRI,SRI,stoneridge,us,
OSIS,OSIS,osi systems,us,
CHRW,CHRW,ch robinson worldwide,us,
CHH,CHH,choice hotels international,us,
DRQ,DRQ,drilquip,us,
MBWM,MBWM,mercantile bank,us,
CWST,CWST,casella waste systems,us,
GPI,GPI,group 1 automotive,us,
MTD,MTD,mettlertoledo international,us,
MOFG,MOFG,midwestone financial group,us,
SAH,SAH,sonic automotive,us,
AMG,AMG,affiliated managers group,us,
INGR,INGR,ingredion,us,
POWI,POWI,power integrations,us,
URI,URI,united rentals,us,
HOPE,HOPE,hope bancorp,us,
HFWA,HFWA,heritage financial,us,
SCS,SCS,steelcase,us,
VRSN,VRSN,verisign,us,
MRCY,MRCY,mercury systems,us,
PWR,PWR,quanta services,us,
CNXN,CNXN,pc connection,us,
SRDX,SRDX,surmodics,us,
OSPN,OSPN,onespan,us,
FHI,FHI,federated hermes,us,
TPB,TPB,turning point brands,us,
AMCR,AMCR,amcor,us,
NLSN,NLSN,nielsen holdings,us,
NCLH,NCLH,norwegian cruise line holdings,us,
PAYS,PAYS,paysign,us,
BRKL,BRKL,brookline bancorp,us,
COLM,COLM,columbia sportswear,us,
UUUU,UUUU,energy fuels,us,
PGC,PGC,peapackgladstone financial,us,
PFBC,PFBC,preferred bank,us,
HTBK,HTBK,heritage commerce,us,
LBAI,LBAI,lakeland bancorp,us,
MANH,MANH,manhattan associates,us,
AXTI,AXTI,axt,us,
HZO,HZO,marinemax,us,
EGBN,EGBN,eagle bancorp,us,
CTSH,CTSH,cognizant technology solutions,us,
RH,RH,rh,us,
DOX,DOX,amdocs,us,
CSGP,CSGP,costar group,us,
RSG,RSG,republic services,us,
SMED,SMED,sharps compliance,us,
EBAY,EBAY,ebay,us,
GS,GS,goldman sachs group,us,True
SWBI,SWBI,smith wesson brands,us,
PB,PB,prosperity bancshares,us,
SNBR,SNBR,sleep number,us,
GDEN,GDEN,golden entertainment,us,
EFSC,EFSC,enterprise financial services,us,
STL,STL,sterling bancorp,us,
NVDA,NVDA,nvidia,us,True
AXL,AXL,american axle manufacturing holdings,us,
AUD,AUD,audacy,us,
EWBC,EWBC,east west bancorp,us,
APTV,APTV,aptiv,us,
EPAY,EPAY,bottomline technologies (de),us,
KFY,KFY,korn ferry,us,
MKSI,MKSI,mks instruments,us,
BKNG,BKNG,booking holdings,us,
TREX,TREX,trex,us,
CFFN,CFFN,capitol federal financial,us,
EXTR,EXTR,extreme networks,us,
HSII,HSII,heidrick struggles international,us,
CNX,CNX,cnx resources,us,
TOWN,TOWN,townebank,us,
WCC,WCC,wesco international,us,
USCR,USCR,us concrete,us,
FFIV,FFIV,f5 networks,us,
SKX,SKX,skechers usa,us,
UTHR,UTHR,united therapeutics,us,
FISI,FISI,financial institutions,us,
JNPR,JNPR,juniper networks,us,
PWFL,PWFL,powerfleet,us,
ECPG,ECPG,encore capital group,us,
JCOM,JCOM,j2 global,us,
BMRN,BMRN,biomarin pharmaceutical,us,
LII,LII,lennox international,us,
PRFT,PRFT,perficient,us,
FLWS,FLWS,1800flowerscom,us,
NTCT,NTCT,netscout systems,us,
EGAN,EGAN,egain,us,
BLK,BLK,blackrock,us,True
CIR,CIR,circor international,us,
WWE,WWE,world wrestling entertainment,us,
SFST,SFST,southern first bancshares,us,
AKAM,AKAM,akamai technologies,us,
GAIA,GAIA,gaia,us,
PLUG,PLUG,plug power,us,
NEO,NEO,neogenomics,us,
IDN,IDN,intellicheck,us,
KTOS,KTOS,kratos defense security solutions,us,
CHTR,CHTR,charter communications,us,True
EXPE,EXPE,expedia group,us,
ONTO,ONTO,onto innovation,us,
A,A,agilent technologies,us,
TDY,TDY,teledyne technologies,us,
PKG,PKG,packaging america,us,
ZYXI,ZYXI,zynex,us,
AGEN,AGEN,agenus,us,
SLAB,SLAB,silicon laboratories,us,
EW,EW,edwards lifesciences,us,
EPC,EPC,edgewell personal care,us,
RIGL,RIGL,rigel pharmaceuticals,us,
LMNX,LMNX,luminex,us,
CCMP,CCMP,cmc materials,us,
HSTM,HSTM,healthstream,us,
MET,MET,metlife,us,
LXRX,LXRX,lexicon pharmaceuticals,us,
LPSN,LPSN,liveperson,us,
SGMO,SGMO,sangamo therapeutics,us,
EXEL,EXEL,exelixis,us,
ON,ON,on semiconductor,us,
CEVA,CEVA,ceva,us,
RBBN,RBBN,ribbon communications,us,
NRG,NRG,nrg energy,us,
INSM,INSM,insmed,us,
PACW,PACW,pacwest bancorp,us,
VC,VC,visteon,us,
ISRG,ISRG,intuitive surgical,us,
CRL,CRL,charles river laboratories international,us,
MRVL,MRVL,marvell technology,us,
BHLB,BHLB,berkshire hills bancorp,us,
ENTG,ENTG,entegris,us,
ACLS,ACLS,axcelis technologies,us,
MAXR,MAXR,maxar technologies,us,
ARNA,ARNA,arena pharmaceuticals,us,
ILMN,ILMN,illumina,us,
BRKR,BRKR,bruker,us,
SRGA,SRGA,surgalign holdings,us,
PNFP,PNFP,pinnacle financial partners,us,
MCO,MCO,moody's,us,
TTMI,TTMI,ttm technologies,us,
AWH,AWH,aspira women's health,us,
DRRX,DRRX,durect,us,
ITGR,ITGR,integer holdings,us,
TPR,TPR,tapestry,us,
TNET,TNET,trinet group,us,
EXAS,EXAS,exact sciences,us,
RGP,RGP,resources connection,us,
ALGN,ALGN,align technology,us,
GRMN,GRMN,garmin,us,
SGEN,SGEN,seagen,us,
HBIO,HBIO,harvard bioscience,us,
DVAX,DVAX,dynavax technologies,us,
ACAD,ACAD,acadia pharmaceuticals,us,
GPN,GPN,global payments,us,
OIS,OIS,oil states international,us,
BTU,BTU,peabody energy,us,
SYNA,SYNA,synaptics,us,
MDLZ,MDLZ,mondelez international,us,
OMCL,OMCL,omnicell,us,
PRU,PRU,prudential financial,us,
ACN,ACN,accenture,us,True
AXON,AXON,axon enterprise,us,
ADS,ADS,alliance data systems,us,
WLTW,WLTW,willis towers watson public,us,
MVBF,MVBF,mvb financial,us,
CCRN,CCRN,cross country healthcare,us,
BG,BG,bunge,us,
PDFS,PDFS,pdf solutions,us,
AMN,AMN,amn healthcare services,us,
ZBH,ZBH,zimmer biomet holdings,us,
ABG,ABG,asbury automotive group,us,
XPO,XPO,xpo logistics,us,
ANTM,ANTM,anthem,us,
GME,GME,gamestop,us,
WW,WW,ww international,us,
CNC,CNC,centene,us,
PFG,PFG,principal financial group,us,
AAP,AAP,advance auto parts,us,
AYI,AYI,acuity brands,us,
MANT,MANT,mantech international,us,
CORT,CORT,corcept therapeutics,us,
CUTR,CUTR,cutera,us,
CCOI,CCOI,cogent communications holdings,us,
VRNT,VRNT,verint systems,us,
JBLU,JBLU,jetblue airways,us,
NFLX,NFLX,netflix,us,True
CVGW,CVGW,calavo growers,us,
CPSI,CPSI,computer programs systems,us,
OSTK,OSTK,overstockcom,us,
ACM,ACM,aecom,us,
BDSI,BDSI,biodelivery sciences international,us,
TDG,TDG,transdigm group,us,
FORM,FORM,formfactor,us,
RRGB,RRGB,red robin gourmet burgers,us,
NPO,NPO,enpro industries,us,
CME,CME,cme group,us,
NXST,NXST,nexstar media group,us,
WYNN,WYNN,wynn resorts,us,
NDAQ,NDAQ,nasdaq,us,
BANC,BANC,banc california,us,
CIT,CIT,cit group,us,
DKS,DKS,dick's sporting goods,us,
CRI,CRI,carter's,us,
PFS,PFS,provident financial services,us,
TCBI,TCBI,texas capital bancshares,us,
PRAA,PRAA,pra group,us,
SAIA,SAIA,saia,us,
XEC,XEC,cimarex energy,us,
HALO,HALO,halozyme therapeutics,us,
FBMS,FBMS,first bancshares,us,
MOH,MOH,molina healthcare,us,
AXS,AXS,axis capital holdings,us,
NTGR,NTGR,netgear,us,
MODV,MODV,modivcare,us,
ATSG,ATSG,air transport services group,us,
LKQ,LKQ,lkq,us,
XPER,XPER,xperi holding,us,
SNX,SNX,synnex,us,
AEL,AEL,american equity investment life holding,us,
CONN,CONN,conn's,us,
TPX,TPX,tempur sealy international,us,
HTH,HTH,hilltop holdings,us,
AIZ,AIZ,assurant,us,
CMP,CMP,compass minerals international,us,
VST,VST,vistra,us,
CRM,CRM,salesforcecom,us,True
MEIP,MEIP,mei pharma,us,
AGO,AGO,assured guaranty,us,
GNW,GNW,genworth financial,us,
CYTK,CYTK,cytokinetics,us,
SP,SP,sp plus,us,
MKTX,MKTX,marketaxess holdings,us,
BGS,BGS,bg foods,us,
DPZ,DPZ,domino's pizza,us,
MA,MA,mastercard,us,True
GOOGL,GOOGL,alphabet,us,True
GOOG,GOOG,alphabet,us,True
MNKD,MNKD,mannkind,us,
WTI,WTI,wt offshore,us,
STXS,STXS,stereotaxis,us,
TXRH,TXRH,texas roadhouse,us,
BECN,BECN,beacon roofing supply,us,
SFL,SFL,sfl,us,
WLK,WLK,westlake chemical,us,
MRTX,MRTX,mirati therapeutics,us,
SBNY,SBNY,signature bank,us,
VVI,VVI,viad,us,
MPWR,MPWR,monolithic power systems,us,
ENS,ENS,enersys,us,
ORA,ORA,ormat technologies,us,
MIC,MIC,macquarie infrastructure,us,
LVS,LVS,las vegas sands,us,
KRNY,KRNY,kearny financial,us,
HURN,HURN,huron consulting group,us,
CNSL,CNSL,consolidated communications holdings,us,
MOS,MOS,mosaic,us,
CYRX,CYRX,cryoport,us,
CE,CE,celanese,us,
INBK,INBK,first internet bancorp,us,
PBH,PBH,prestige consumer healthcare,us,
ULH,ULH,universal logistics holdings,us,
DLB,DLB,dolby laboratories,us,
WEX,WEX,wex,us,
XPEL,XPEL,xpel,us,
HUN,HUN,huntsman,us,
LHCG,LHCG,lhc group,us,
EXLS,EXLS,exlservice holdings,us,
LAZ,LAZ,lazard,us,
AX,AX,axos financial,us,
CORE,CORE,coremark holding,us,
DXCM,DXCM,dexcom,us,
MNOV,MNOV,medicinova,us,
INFO,INFO,ihs markit,us,
RLGT,RLGT,radiant logistics,us,
ZUMZ,ZUMZ,zumiez,us,
BLDR,BLDR,builders firstsource,us,
KOP,KOP,koppers holdings,us,
ICE,ICE,intercontinental exchange,us,
EVRI,EVRI,everi holdings,us,
EGLE,EGLE,eagle bulk shipping,us,
ATRC,ATRC,atricure,us,
RUTH,RUTH,ruth's hospitality group,us,
WAL,WAL,western alliance bancorporation,us,
JRVR,JRVR,james river group holdings,us,
GNK,GNK,genco shipping trading,us,
CF,CF,cf industries holdings,us,
CTSO,CTSO,cytosorbents,us,
THS,THS,treehouse foods,us,
DISCA,DISCA,discovery,us,
DISCK,DISCK,discovery,us,
TROX,TROX,tronox holdings,us,
ISBC,ISBC,investors bancorp,us,
IRBT,IRBT,irobot,us,
SPR,SPR,spirit aerosystems holdings,us,
ACCO,ACCO,acco brands,us,
ROLL,ROLL,rbc bearings,us,
AMSF,AMSF,amerisafe,us,
HOMB,HOMB,home bancshares (conway ar),us,
BKD,BKD,brookdale senior living,us,
AMP,AMP,ameriprise financial,us,
CROX,CROX,crocs,us,
SPWR,SPWR,sunpower,us,
UAA,UAA,under armour,us,
LDOS,LDOS,leidos holdings,us,
ZIOP,ZIOP,ziopharm oncology,us,
DHT,DHT,dht holdings,us,
FNF,FNF,fidelity national financial,us,
LYV,LYV,live nation entertainment,us,
UEC,UEC,uranium energy,us,
HEES,HEES,he equipment services,us,
CMG,CMG,chipotle mexican grill,us,
FIS,FIS,fidelity national information services,us,
KRA,KRA,kraton,us,
VNDA,VNDA,vanda pharmaceuticals,us,
AVXL,AVXL,anavex life sciences,us,
MWA,MWA,mueller water products,us,
ATEC,ATEC,alphatec holdings,us,
VG,VG,vonage holdings,us,
DK,DK,delek us holdings,us,
LUNA,LUNA,luna innovations,us,
SNCR,SNCR,synchronoss technologies,us,
GFN,GFN,general finance,us,
PFPT,PFPT,proofpoint,us,
GOGO,GOGO,gogo,us,
CUBI,CUBI,customers bancorp,us,
HTBI,HTBI,hometrust bancshares,us,
RDUS,RDUS,radius health,us,
POST,POST,post holdings,us,
SPLK,SPLK,splunk,us,
FB,FB,facebook,us,True
FANG,FANG,diamondback energy,us,
PSX,PSX,phillips 66,us,
ASPU,ASPU,aspen group,us,
PBYI,PBYI,puma biotechnology,us,
GMED,GMED,globus medical,us,
NOW,NOW,servicenow,us,
BLMN,BLMN,bloomin' brands,us,
PANW,PANW,palo alto networks,us,
FIVE,FIVE,five below,us,
RLGY,RLGY,realogy holdings,us,
PGTI,PGTI,pgt innovations,us,
CVLT,CVLT,commvault systems,us,
PTCT,PTCT,ptc therapeutics,us,
QRTEA,QRTEA,qurate retail,us,
SEM,SEM,select medical holdings,us,
KBR,KBR,kbr,us,
EHTH,EHTH,ehealth,us,
LMAT,LMAT,lemaitre vascular,us,
INFU,INFU,infusystem holdings,us,
ICFI,ICFI,icf international,us,
TNL,TNL,travel + leisure,us,
EVR,EVR,evercore,us,
ORBC,ORBC,orbcomm,us,
ALGT,ALGT,allegiant travel,us,
FOLD,FOLD,amicus therapeutics,us,
WU,WU,western union,us,
CELH,CELH,celsius holdings,us,
HBI,HBI,hanesbrands,us,
FSLR,FSLR,first solar,us,
FRST,FRST,primis financial,us,
WLDN,WLDN,willdan group,us,
PRIM,PRIM,primoris services,us,
AWI,AWI,armstrong world industries,us,
SBH,SBH,sally beauty holdings,us,
IPGP,IPGP,ipg photonics,us,
CPRX,CPRX,catalyst pharmaceuticals,us,
ATHX,ATHX,athersys,us,
EBS,EBS,emergent biosolutions,us,
AIMC,AIMC,altra industrial motion,us,
TAST,TAST,carrols restaurant group,us,
CLNE,CLNE,clean energy fuels,us,
AVAV,AVAV,aerovironment,us,
NCMI,NCMI,national cinemedia,us,
SMCI,SMCI,super micro computer,us,
EIG,EIG,employers holdings,us,
PRTS,PRTS,carpartscom,us,
HROW,HROW,harrow health,us,
ARAY,ARAY,accuray,us,
IBKR,IBKR,interactive brokers group,us,
UFS,UFS,domtar,us,
BR,BR,broadridge financial solutions,us,
FRBA,FRBA,first bank,us,
CNK,CNK,cinemark holdings,us,
CAI,CAI,cai international,us,
TTGT,TTGT,techtarget,us,
PODD,PODD,insulet,us,
INFN,INFN,infinera,us,
JAZZ,JAZZ,jazz pharmaceuticals,us,
LLNW,LLNW,limelight networks,us,
CDXC,CDXC,chromadex,us,
DFS,DFS,discover financial services,us,
PRO,PRO,pros holdings,us,
SCOR,SCOR,comscore,us,
MASI,MASI,masimo,us,
ALSN,ALSN,allison transmission holdings,us,
G,G,genpact,us,
VMW,VMW,vmware,us,
TDC,TDC,teradata,us,
MSCI,MSCI,msci,us,
LPLA,LPLA,lpl financial holdings,us,
CVI,CVI,cvr energy,us,
ULTA,ULTA,ulta beauty,us,
APEI,APEI,american public education,us,
ENSG,ENSG,ensign group,us,
LL,LL,lumber liquidators holdings,us,
SCU,SCU,sculptor capital management,us,
NFBK,NFBK,northfield bancorp (staten island ny),us,
TITN,TITN,titan machinery,us,
LRN,LRN,stride,us,
ACBI,ACBI,atlantic capital bancshares,us,
OESX,OESX,orion energy systems,us,
FOR,FOR,forestar group,us,
SATS,SATS,echostar,us,
EBSB,EBSB,meridian bancorp,us,
CSII,CSII,cardiovascular systems,us,
AWK,AWK,american water works,us,
V,V,visa,us,True
CFX,CFX,colfax,us,
FN,FN,fabrinet,us,
HCCI,HCCI,heritagecrystal clean,us,
PM,PM,philip morris international,us,True
HI,HI,hillenbrand,us,
CCXI,CCXI,chemocentryx,us,
ZGNX,ZGNX,zogenix,us,
SWI,SWI,solarwinds,us,
ERII,ERII,energy recovery,us,
KKR,KKR,kkr,us,
VRS,VRS,verso,us,
NX,NX,quanex building products,us,
CDNA,CDNA,caredx,us,
FLDM,FLDM,fluidigm,us,
CDXS,CDXS,codexis,us,
IPI,IPI,intrepid potash,us,
ECHO,ECHO,echo global logistics,us,
MRC,MRC,mrc global,us,
IOVA,IOVA,iovance biotherapeutics,us,
LOPE,LOPE,grand canyon education,us,
SB,SB,safe bulkers,us,
MG,MG,mistras group,us,
BKI,BKI,black knight,us,
ATVI,ATVI,activision blizzard,us,
TREE,TREE,lendingtree,us,
JBT,JBT,john bean technologies,us,
RXN,RXN,rexnord,us,
BERY,BERY,berry global group,us,
MYRG,MYRG,myr group,us,
VRSK,VRSK,verisk analytics,us,
AVGO,AVGO,broadcom,us,True
MDRX,MDRX,allscripts healthcare solutions,us,
GPRE,GPRE,green plains,us,
DMRC,DMRC,digimarc,us,
SLCA,SLCA,us silica holdings,us,
ADUS,ADUS,addus homecare,us,
TXMD,TXMD,therapeuticsmd,us,
H,H,hyatt hotels,us,
FTNT,FTNT,fortinet,us,
KAR,KAR,kar auction services,us,
OMER,OMER,omeros,us,
RCM,RCM,r1 rcm,us,
IRDM,IRDM,iridium communications,us,
GNRC,GNRC,generac holdings,us,
CALX,CALX,calix,us,
ST,ST,sensata technologies holding,us,
CRMD,CRMD,cormedix,us,
SPSC,SPSC,sps commerce,us,
AVEO,AVEO,aveo pharmaceuticals,us,
MSGN,MSGN,msg networks,us,
FIBK,FIBK,first interstate bancsystem,us,
APO,APO,apollo global management,us,
IRWD,IRWD,ironwood pharmaceuticals,us,
PLOW,PLOW,douglas dynamics,us,
QNST,QNST,quinstreet,us,
EXPR,EXPR,express,us,
STNG,STNG,scorpio tankers,us,
GDOT,GDOT,green dot,us,
CBOE,CBOE,cboe global markets,us,
MXL,MXL,maxlinear,us,
ENV,ENV,envestnet,us,
AOSL,AOSL,alpha omega semiconductor,us,
FLT,FLT,fleetcor technologies,us,
NPTN,NPTN,neophotonics,us,
AMRS,AMRS,amyris,us,
FAF,FAF,first american financial,us,
TSLA,TSLA,tesla,us,True
AMRC,AMRC,ameresco,us,
VPG,VPG,vishay precision group,us,
VRA,VRA,vera bradley,us,
BWXT,BWXT,bwx technologies,us,
ASMB,ASMB,assembly biosciences,us,
HZNP,HZNP,horizon therapeutics public,us,
WD,WD,walker dunlop,us,
CLAR,CLAR,clarus,us,
EVTC,EVTC,evertec,us,
PACB,PACB,pacific biosciences california,us,
TRGP,TRGP,targa resources,us,
SAVE,SAVE,spirit airlines,us,
CSOD,CSOD,cornerstone ondemand,us,
CMRE,CMRE,costamare,us,
BKU,BKU,bankunited,us,
PCRX,PCRX,pacira biosciences,us,
BAH,BAH,booz allen hamilton holding,us,
ACRX,ACRX,acelrx pharmaceuticals,us,
REVG,REVG,rev group,us,
SUPN,SUPN,supernus pharmaceuticals,us,
KOS,KOS,kosmos energy,us,
AL,AL,air lease,us,
WIFI,WIFI,boingo wireless,us,
HII,HII,huntington ingalls industries,us,
THR,THR,thermon group holdings,us,
SEAS,SEAS,seaworld entertainment,us,
SXC,SXC,suncoke energy,us,
ARMK,ARMK,aramark,us,
CHEF,CHEF,chefs' warehouse,us,
MPC,MPC,marathon petroleum,us,
ZG,ZG,zillow group,us,
LIVX,LIVX,livexlive media,us,
HMST,HMST,homestreet,us,
MSBI,MSBI,midland states bancorp,us,
RM,RM,regional management,us,
GRPN,GRPN,groupon,us,
AMCX,AMCX,amc networks,us,
ENPH,ENPH,enphase energy,us,
ASPN,ASPN,aspen aerogels,us,
TSE,TSE,trinseo,us,
TLYS,TLYS,tilly's,us,
ZNGA,ZNGA,zynga,us,
REGI,REGI,renewable energy group,us,
PRLB,PRLB,proto labs,us,
EPAM,EPAM,epam systems,us,
BCEI,BCEI,bonanza creek energy,us,
VCRA,VCRA,vocera communications,us,
MTSI,MTSI,macom technology solutions holdings,us,
CHUY,CHUY,chuy's holdings,us,
MTDR,MTDR,matador resources,us,
BCOV,BCOV,brightcove,us,
FBHS,FBHS,fortune brands home security,us,
FRG,FRG,franchise group,us,
CG,CG,carlyle group,us,
XYL,XYL,xylem,us,
ENVA,ENVA,enova international,us,
GO,GO,grocery outlet holding,us,
VVNT,VVNT,vivint smart home,us,
AXGN,AXGN,axogen,us,
GWRE,GWRE,guidewire software,us,
NBHC,NBHC,national bank holdings,us,
VAC,VAC,marriott vacations worldwide,us,
ACHC,ACHC,acadia healthcare,us,
VSTM,VSTM,verastem,us,
PBF,PBF,pbf energy,us,
YELP,YELP,yelp,us,
FBIO,FBIO,fortress biotech,us,
CPRI,CPRI,capri holdings,us,
TRIP,TRIP,tripadvisor,us,
IGT,IGT,international game technology,us,
GLNG,GLNG,golar lng,us,
TPH,TPH,tri pointe homes,us,
CBRE,CBRE,cbre group,us,
BLKB,BLKB,blackbaud,us,
TRTN,TRTN,triton international,us,
SNDR,SNDR,schneider national,us,
ALNY,ALNY,alnylam pharmaceuticals,us,
NUVA,NUVA,nuvasive,us,
ANGO,ANGO,angiodynamics,us,
CATM,CATM,cardtronics,us,
UCTT,UCTT,ultra clean holdings,us,
CNS,CNS,cohen steers,us,
LXFR,LXFR,luxfer holdings,us,
SBBP,SBBP,strongbridge biopharma,us,
LYB,LYB,lyondellbasell industries,us,
FRO,FRO,frontline,us,
ESI,ESI,element solutions,us,
NETI,NETI,eneti,us,
ALLE,ALLE,allegion,us,
GAN,GAN,gan,us,
LPG,LPG,dorian lpg,us,
ATH,ATH,athene holding,us,
APG,APG,api group,us,
NVT,NVT,nvent electric,us,
ACA,ACA,arcosa,us,
IMUX,IMUX,immunic,us,
ESGC,ESGC,eros stx global,us,
IMAX,IMAX,imax,us,
LULU,LULU,lululemon athletica,us,
